func_id,suite,program,source_file,function,path,ir_hash,inst_count,compile_mode,is_duplicate
mibench/telecomm/CRC32/crc_32.c::crc32file,mibench,CRC32,telecomm/CRC32/crc_32.c,crc32file,data/ir/mibench/CRC32/crc32file__3b46c3fc61.ll,69ad1fb570662e70,35,legacy_c89,False
mibench/telecomm/CRC32/crc_32.c::crc32buf,mibench,CRC32,telecomm/CRC32/crc_32.c,crc32buf,data/ir/mibench/CRC32/crc32buf__fa1ef6091b.ll,745fe97e8c96f955,20,legacy_c89,False
mibench/telecomm/CRC32/crc_32.c::main,mibench,CRC32,telecomm/CRC32/crc_32.c,main,data/ir/mibench/CRC32/main__931fe568f1.ll,983983abae2bdcc4,21,legacy_c89,False
mibench/telecomm/FFT/fftmisc.c::IsPowerOfTwo,mibench,FFT,telecomm/FFT/fftmisc.c,IsPowerOfTwo,data/ir/mibench/FFT/IsPowerOfTwo__13fceaceaa.ll,32a29cf64b3a2c9f,11,default,False
mibench/telecomm/FFT/fftmisc.c::NumberOfBitsNeeded,mibench,FFT,telecomm/FFT/fftmisc.c,NumberOfBitsNeeded,data/ir/mibench/FFT/NumberOfBitsNeeded__d640089245.ll,25c0f0fa8f0e95c5,16,default,False
mibench/telecomm/FFT/fftmisc.c::ReverseBits,mibench,FFT,telecomm/FFT/fftmisc.c,ReverseBits,data/ir/mibench/FFT/ReverseBits__25afe1adf3.ll,222ed8242b033c82,14,default,False
mibench/telecomm/FFT/fftmisc.c::Index_to_frequency,mibench,FFT,telecomm/FFT/fftmisc.c,Index_to_frequency,data/ir/mibench/FFT/Index_to_frequency__25c5bcce36.ll,28beba5a3fbbead4,19,default,False
mibench/telecomm/FFT/fourierf.c::fft_float,mibench,FFT,telecomm/FFT/fourierf.c,fft_float,data/ir/mibench/FFT/fft_float__011b554675.ll,3d5513a7f0d6c90b,208,default,False
mibench/telecomm/FFT/main.c::main,mibench,FFT,telecomm/FFT/main.c,main,data/ir/mibench/FFT/main__2b42b5431f.ll,f9705a20127de02b,162,legacy_c89,False
mibench/telecomm/adpcm/src/adpcm.c::adpcm_coder,mibench,adpcm,telecomm/adpcm/src/adpcm.c,adpcm_coder,data/ir/mibench/adpcm/adpcm_coder__28ab282a02.ll,6c7c5e175c24903a,123,default,False
mibench/telecomm/adpcm/src/adpcm.c::adpcm_decoder,mibench,adpcm,telecomm/adpcm/src/adpcm.c,adpcm_decoder,data/ir/mibench/adpcm/adpcm_decoder__6582b71f36.ll,8cee6eb389151186,103,default,False
mibench/telecomm/adpcm/src/rawcaudio.c::main,mibench,adpcm,telecomm/adpcm/src/rawcaudio.c,main,data/ir/mibench/adpcm/main__c91d69115b.ll,314da365b7427030,23,legacy_c89,False
mibench/telecomm/adpcm/src/rawdaudio.c::main,mibench,adpcm,telecomm/adpcm/src/rawdaudio.c,main,data/ir/mibench/adpcm/main__1b738d7c5a.ll,dbbc21918925a5c7,23,legacy_c89,False
mibench/telecomm/adpcm/src/timing.c::main,mibench,adpcm,telecomm/adpcm/src/timing.c,main,data/ir/mibench/adpcm/main__e2e7e48748.ll,1a52974d23c807e7,53,legacy_c89,False
mibench/automotive/basicmath/basicmath_large.c::main,mibench,basicmath,automotive/basicmath/basicmath_large.c,main,data/ir/mibench/basicmath/main__9a6cf2d913.ll,f8590420f0e6d800,234,legacy_c89,False
mibench/automotive/basicmath/basicmath_small.c::main,mibench,basicmath,automotive/basicmath/basicmath_small.c,main,data/ir/mibench/basicmath/main__e313de7794.ll,b306db6759eb7709,162,legacy_c89,False
mibench/automotive/basicmath/cubic.c::SolveCubic,mibench,basicmath,automotive/basicmath/cubic.c,SolveCubic,data/ir/mibench/basicmath/SolveCubic__2a0a06e292.ll,d1fb659682a1ac59,112,default,False
mibench/automotive/basicmath/isqrt.c::usqrt,mibench,basicmath,automotive/basicmath/isqrt.c,usqrt,data/ir/mibench/basicmath/usqrt__a919f9cab4.ll,dc083bc93579015d,32,default,False
mibench/automotive/bitcount/bitarray.c::getbit,mibench,bitcount,automotive/bitcount/bitarray.c,getbit,data/ir/mibench/bitcount/getbit__8e0080addd.ll,b60ae62f7da91feb,11,default,False
mibench/automotive/bitcount/bitarray.c::setbit,mibench,bitcount,automotive/bitcount/bitarray.c,setbit,data/ir/mibench/bitcount/setbit__54dea233dd.ll,2b8529c5f81d015e,23,default,False
mibench/automotive/bitcount/bitarray.c::flipbit,mibench,bitcount,automotive/bitcount/bitarray.c,flipbit,data/ir/mibench/bitcount/flipbit__cc17292636.ll,50850dbf4670a52e,11,default,False
mibench/automotive/bitcount/bitcnt_1.c::bit_count,mibench,bitcount,automotive/bitcount/bitcnt_1.c,bit_count,data/ir/mibench/bitcount/bit_count__326ad75e27.ll,f189deee92489778,14,default,False
mibench/automotive/bitcount/bitcnt_2.c::bitcount,mibench,bitcount,automotive/bitcount/bitcnt_2.c,bitcount,data/ir/mibench/bitcount/bitcount__be08b2f669.ll,c5cbf62e3fa04e1a,22,default,False
mibench/automotive/bitcount/bitcnt_3.c::ntbl_bitcount,mibench,bitcount,automotive/bitcount/bitcnt_3.c,ntbl_bitcount,data/ir/mibench/bitcount/ntbl_bitcount__7a7d66e735.ll,73a66d89e50d74f1,63,default,False
mibench/automotive/bitcount/bitcnt_3.c::BW_btbl_bitcount,mibench,bitcount,automotive/bitcount/bitcnt_3.c,BW_btbl_bitcount,data/ir/mibench/bitcount/BW_btbl_bitcount__1d005c3019.ll,637e35a952dab31d,30,default,False
mibench/automotive/bitcount/bitcnt_3.c::AR_btbl_bitcount,mibench,bitcount,automotive/bitcount/bitcnt_3.c,AR_btbl_bitcount,data/ir/mibench/bitcount/AR_btbl_bitcount__0cb6c7743c.ll,4a9c4034fc55fc02,29,default,False
mibench/automotive/bitcount/bitcnt_4.c::ntbl_bitcnt,mibench,bitcount,automotive/bitcount/bitcnt_4.c,ntbl_bitcnt,data/ir/mibench/bitcount/ntbl_bitcnt__d0ca35c1cd.ll,c92e056b666385d1,14,default,False
mibench/automotive/bitcount/bitcnt_4.c::btbl_bitcnt,mibench,bitcount,automotive/bitcount/bitcnt_4.c,btbl_bitcnt,data/ir/mibench/bitcount/btbl_bitcnt__f6e097ff3c.ll,e7e29ac598c0ecf0,21,default,False
mibench/automotive/bitcount/bitcnts.c::main,mibench,bitcount,automotive/bitcount/bitcnts.c,main,data/ir/mibench/bitcount/main__c9e1418c87.ll,8461d3b2911777d7,68,default,False
mibench/automotive/bitcount/bitcnts.c::bit_shifter,mibench,bitcount,automotive/bitcount/bitcnts.c,bit_shifter,data/ir/mibench/bitcount/bit_shifter__4c3f215b70.ll,f76ec4ec2fbb7f4a,19,default,False
mibench/automotive/bitcount/bitfiles.c::bfopen,mibench,bitcount,automotive/bitcount/bitfiles.c,bfopen,data/ir/mibench/bitcount/bfopen__ffe85d51b4.ll,45ad533c5efbc2fb,20,default,False
mibench/automotive/bitcount/bitfiles.c::bfread,mibench,bitcount,automotive/bitcount/bitfiles.c,bfread,data/ir/mibench/bitcount/bfread__d728af7c2a.ll,30853d0fc489116a,29,default,False
mibench/automotive/bitcount/bitfiles.c::bfwrite,mibench,bitcount,automotive/bitcount/bitfiles.c,bfwrite,data/ir/mibench/bitcount/bfwrite__500586b07d.ll,8eaa0b6448ec2301,32,default,False
mibench/automotive/bitcount/bitstrng.c::bitstring,mibench,bitcount,automotive/bitcount/bitstrng.c,bitstring,data/ir/mibench/bitcount/bitstring__f8431daa9b.ll,ad513856c4627687,43,default,False
mibench/automotive/bitcount/bstr_i.c::bstr_i,mibench,bitcount,automotive/bitcount/bstr_i.c,bstr_i,data/ir/mibench/bitcount/bstr_i__607631f7d1.ll,675238ff051c111e,25,default,False
mibench/security/blowfish/bf.c::main,mibench,blowfish,security/blowfish/bf.c,main,data/ir/mibench/blowfish/main__04e3e0f280.ll,9dc115a54c4c836b,169,legacy_c89,False
mibench/security/blowfish/bf_cbc.c::BF_cbc_encrypt,mibench,blowfish,security/blowfish/bf_cbc.c,BF_cbc_encrypt,data/ir/mibench/blowfish/BF_cbc_encrypt__6a4078fb18.ll,ee000ff94ea98c73,588,default,False
mibench/security/blowfish/bf_cfb64.c::BF_cfb64_encrypt,mibench,blowfish,security/blowfish/bf_cfb64.c,BF_cfb64_encrypt,data/ir/mibench/blowfish/BF_cfb64_encrypt__915e46c917.ll,0356357633570eb8,241,default,False
mibench/security/blowfish/bf_ecb.c::BF_ecb_encrypt,mibench,blowfish,security/blowfish/bf_ecb.c,BF_ecb_encrypt,data/ir/mibench/blowfish/BF_ecb_encrypt__66aedfa652.ll,39d5f64aa72e3fb8,90,default,False
mibench/security/blowfish/bf_enc.c::BF_encrypt,mibench,blowfish,security/blowfish/bf_enc.c,BF_encrypt,data/ir/mibench/blowfish/BF_encrypt__a69ef14953.ll,df213c338c098bfb,833,default,False
mibench/security/blowfish/bf_ofb64.c::BF_ofb64_encrypt,mibench,blowfish,security/blowfish/bf_ofb64.c,BF_ofb64_encrypt,data/ir/mibench/blowfish/BF_ofb64_encrypt__3212e8c78f.ll,15d3274f548909cc,206,default,False
mibench/security/blowfish/bf_skey.c::BF_set_key,mibench,blowfish,security/blowfish/bf_skey.c,BF_set_key,data/ir/mibench/blowfish/BF_set_key__e9e0d8689f.ll,9b8fc1827f79aa17,104,default,False
mibench/security/blowfish/bfspeed.c::Time_F,mibench,blowfish,security/blowfish/bfspeed.c,Time_F,data/ir/mibench/blowfish/Time_F__0b02ab77b2.ll,0139ad74fe5b0b47,18,legacy_c89,False
mibench/security/blowfish/bfspeed.c::main,mibench,blowfish,security/blowfish/bfspeed.c,main,data/ir/mibench/blowfish/main__e792451681.ll,06c2a22e05dcf48e,65,legacy_c89,False
mibench/security/blowfish/bftest.c::print_test_data,mibench,blowfish,security/blowfish/bftest.c,print_test_data,data/ir/mibench/blowfish/print_test_data__2379507e62.ll,95a4e84cbdd295fb,212,legacy_c89,False
mibench/security/blowfish/bftest.c::test,mibench,blowfish,security/blowfish/bftest.c,test,data/ir/mibench/blowfish/test__3a07ccb7c8.ll,9d62838dae54fa61,435,legacy_c89,False
mibench/network/dijkstra/dijkstra_large.c::print_path,mibench,dijkstra,network/dijkstra/dijkstra_large.c,print_path,data/ir/mibench/dijkstra/print_path__3e67e1cd6d.ll,a406aac9288587d6,16,legacy_c89,False
mibench/network/dijkstra/dijkstra_large.c::enqueue,mibench,dijkstra,network/dijkstra/dijkstra_large.c,enqueue,data/ir/mibench/dijkstra/enqueue__d595daad0e.ll,df2934300dc01d3d,36,legacy_c89,False
mibench/network/dijkstra/dijkstra_large.c::dequeue,mibench,dijkstra,network/dijkstra/dijkstra_large.c,dequeue,data/ir/mibench/dijkstra/dequeue__cb8baef197.ll,e82f9278f9062883,26,legacy_c89,False
mibench/network/dijkstra/dijkstra_large.c::dijkstra,mibench,dijkstra,network/dijkstra/dijkstra_large.c,dijkstra,data/ir/mibench/dijkstra/dijkstra__3769a22a06.ll,590a215423035f66,108,legacy_c89,False
mibench/network/dijkstra/dijkstra_large.c::main,mibench,dijkstra,network/dijkstra/dijkstra_large.c,main,data/ir/mibench/dijkstra/main__91368c3cb7.ll,7eb01a3db9861eba,45,legacy_c89,False
mibench/network/dijkstra/dijkstra_small.c::main,mibench,dijkstra,network/dijkstra/dijkstra_small.c,main,data/ir/mibench/dijkstra/main__5fb2595878.ll,5c867adf08106d67,45,legacy_c89,False
mibench/office/ghostscript/src/bench.c::imul,mibench,ghostscript,office/ghostscript/src/bench.c,imul,data/ir/mibench/ghostscript/imul__50feae7620.ll,9939e89f10f046c7,30,legacy_c89,False
mibench/office/ghostscript/src/bench.c::idiv,mibench,ghostscript,office/ghostscript/src/bench.c,idiv,data/ir/mibench/ghostscript/idiv__d78810ccd2.ll,72592c9abb676562,31,legacy_c89,False
mibench/office/ghostscript/src/bench.c::fadd,mibench,ghostscript,office/ghostscript/src/bench.c,fadd,data/ir/mibench/ghostscript/fadd__a93673dfc6.ll,0434f04e0895e9b5,21,legacy_c89,False
mibench/office/ghostscript/src/bench.c::fconv,mibench,ghostscript,office/ghostscript/src/bench.c,fconv,data/ir/mibench/ghostscript/fconv__22e7aeb7a7.ll,22a7026fc4d1f90a,115,legacy_c89,False
mibench/office/ghostscript/src/echogs.c::main,mibench,ghostscript,office/ghostscript/src/echogs.c,main,data/ir/mibench/ghostscript/main__e773aab8ba.ll,0116b40fd4326342,397,legacy_c89,False
mibench/office/ghostscript/src/echogs.c::hputc,mibench,ghostscript,office/ghostscript/src/echogs.c,hputc,data/ir/mibench/ghostscript/hputc__aba979b4d6.ll,40c0f92dd79ca50c,15,legacy_c89,False
mibench/office/ghostscript/src/genconf.c::main,mibench,ghostscript,office/ghostscript/src/genconf.c,main,data/ir/mibench/ghostscript/main__da19a56ed1.ll,48acd8daf3c40bc5,309,legacy_c89,False
mibench/office/ghostscript/src/genconf.c::sort_uniq,mibench,ghostscript,office/ghostscript/src/genconf.c,sort_uniq,data/ir/mibench/ghostscript/sort_uniq__953472529b.ll,5ed73b571daa34da,67,legacy_c89,False
mibench/office/ghostscript/src/genconf.c::add_entry,mibench,ghostscript,office/ghostscript/src/genconf.c,add_entry,data/ir/mibench/ghostscript/add_entry__481cf7f954.ll,38331e3264347e7c,154,legacy_c89,False
mibench/office/ghostscript/src/genconf.c::cmp_index,mibench,ghostscript,office/ghostscript/src/genconf.c,cmp_index,data/ir/mibench/ghostscript/cmp_index__6ee906cb5d.ll,9bc7d71bb7168c3a,14,legacy_c89,False
mibench/office/ghostscript/src/gsdsc.c::dsc_copy_until,mibench,ghostscript,office/ghostscript/src/gsdsc.c,dsc_copy_until,data/ir/mibench/ghostscript/dsc_copy_until__afcc2d9846.ll,b8fb90f59ecf4f00,15,legacy_c89,False
mibench/office/ghostscript/src/libpng/ansi2knr.c::convert1,mibench,ghostscript,office/ghostscript/src/libpng/ansi2knr.c,convert1,data/ir/mibench/ghostscript/convert1__714ef207cf.ll,12071a9e7194c95f,286,legacy_c89,False
mibench/office/ghostscript/src/libpng/png.c::png_zalloc,mibench,ghostscript,office/ghostscript/src/libpng/png.c,png_zalloc,data/ir/mibench/ghostscript/png_zalloc__ca3aaae1df.ll,cf2bc6e8084e004b,17,default,False
mibench/office/ghostscript/src/libpng/pngerror.c::png_warning,mibench,ghostscript,office/ghostscript/src/libpng/pngerror.c,png_warning,data/ir/mibench/ghostscript/png_warning__1c396f032f.ll,a8f976697f3b7a09,11,default,False
mibench/office/ghostscript/src/libpng/pngmem.c::png_create_struct,mibench,ghostscript,office/ghostscript/src/libpng/pngmem.c,png_create_struct,data/ir/mibench/ghostscript/png_create_struct__5d8d1b24c3.ll,9963dbd350f3b0a9,17,default,False
mibench/office/ghostscript/src/libpng/pngmem.c::png_malloc,mibench,ghostscript,office/ghostscript/src/libpng/pngmem.c,png_malloc,data/ir/mibench/ghostscript/png_malloc__7600cfebdc.ll,f1be94a64d3b504f,13,default,False
mibench/office/ghostscript/src/libpng/pngmem.c::png_realloc,mibench,ghostscript,office/ghostscript/src/libpng/pngmem.c,png_realloc,data/ir/mibench/ghostscript/png_realloc__86b484dd6b.ll,66704094d46a49e1,17,default,False
mibench/office/ghostscript/src/libpng/pngpread.c::png_process_some_data,mibench,ghostscript,office/ghostscript/src/libpng/pngpread.c,png_process_some_data,data/ir/mibench/ghostscript/png_process_some_data__c67294946f.ll,88ec40078772ae27,23,default,False
mibench/office/ghostscript/src/libpng/pngpread.c::png_push_read_sig,mibench,ghostscript,office/ghostscript/src/libpng/pngpread.c,png_push_read_sig,data/ir/mibench/ghostscript/png_push_read_sig__cf34ab2902.ll,ef2ca068fa8a7cb2,19,default,False
mibench/office/ghostscript/src/libpng/pngpread.c::png_push_read_chunk,mibench,ghostscript,office/ghostscript/src/libpng/pngpread.c,png_push_read_chunk,data/ir/mibench/ghostscript/png_push_read_chunk__91dba25f27.ll,9f3c0354bc652cd7,585,default,False
mibench/office/ghostscript/src/libpng/pngpread.c::png_push_read_IDAT,mibench,ghostscript,office/ghostscript/src/libpng/pngpread.c,png_push_read_IDAT,data/ir/mibench/ghostscript/png_push_read_IDAT__9871cd6712.ll,a704f9cec10d04ea,156,default,False
mibench/office/ghostscript/src/libpng/pngpread.c::png_push_read_PLTE,mibench,ghostscript,office/ghostscript/src/libpng/pngpread.c,png_push_read_PLTE,data/ir/mibench/ghostscript/png_push_read_PLTE__7566d7369d.ll,4464faf0659c3c94,78,default,False
mibench/office/ghostscript/src/libpng/pngpread.c::png_push_read_tEXt,mibench,ghostscript,office/ghostscript/src/libpng/pngpread.c,png_push_read_tEXt,data/ir/mibench/ghostscript/png_push_read_tEXt__bd15660a01.ll,7b86d63bc7fd80ac,92,default,False
mibench/office/ghostscript/src/libpng/pngpread.c::png_push_read_end,mibench,ghostscript,office/ghostscript/src/libpng/pngpread.c,png_push_read_end,data/ir/mibench/ghostscript/png_push_read_end__e032f70118.ll,6c77e52b9536c1c0,395,default,False
mibench/office/ghostscript/src/libpng/pngpread.c::png_push_skip,mibench,ghostscript,office/ghostscript/src/libpng/pngpread.c,png_push_skip,data/ir/mibench/ghostscript/png_push_skip__9fcc5e6526.ll,107d39e1d65ba185,97,default,False
mibench/office/ghostscript/src/libpng/pngpread.c::png_push_fill_buffer,mibench,ghostscript,office/ghostscript/src/libpng/pngpread.c,png_push_fill_buffer,data/ir/mibench/ghostscript/png_push_fill_buffer__c6d2b656d1.ll,4ce4a8d6e2292c38,65,default,False
mibench/office/ghostscript/src/libpng/pngpread.c::png_push_check_crc,mibench,ghostscript,office/ghostscript/src/libpng/pngpread.c,png_push_check_crc,data/ir/mibench/ghostscript/png_push_check_crc__3e5eb66599.ll,1507b5c2e62433e3,15,default,False
mibench/office/ghostscript/src/libpng/pngpread.c::png_read_push_finish_row,mibench,ghostscript,office/ghostscript/src/libpng/pngpread.c,png_read_push_finish_row,data/ir/mibench/ghostscript/png_read_push_finish_row__35b0f1370b.ll,1621822d59ce6d64,121,default,False
mibench/office/ghostscript/src/libpng/pngrcb.c::png_read_IHDR,mibench,ghostscript,office/ghostscript/src/libpng/pngrcb.c,png_read_IHDR,data/ir/mibench/ghostscript/png_read_IHDR__94f371e63d.ll,2f470988c02d90c1,78,default,False
mibench/office/ghostscript/src/libpng/pngrcb.c::png_read_gAMA,mibench,ghostscript,office/ghostscript/src/libpng/pngrcb.c,png_read_gAMA,data/ir/mibench/ghostscript/png_read_gAMA__e5c795e7e7.ll,a414eb4f17a5b561,14,default,False
mibench/office/ghostscript/src/libpng/pngrcb.c::png_read_sBIT,mibench,ghostscript,office/ghostscript/src/libpng/pngrcb.c,png_read_sBIT,data/ir/mibench/ghostscript/png_read_sBIT__4758d1f599.ll,a49b989137032337,13,default,False
mibench/office/ghostscript/src/libpng/pngrcb.c::png_read_oFFs,mibench,ghostscript,office/ghostscript/src/libpng/pngrcb.c,png_read_oFFs,data/ir/mibench/ghostscript/png_read_oFFs__73c304981b.ll,f219642f930a9ff1,18,default,False
mibench/office/ghostscript/src/libpng/pngread.c::png_create_read_struct,mibench,ghostscript,office/ghostscript/src/libpng/pngread.c,png_create_read_struct,data/ir/mibench/ghostscript/png_create_read_struct__eadcefc3fc.ll,16578cf7136d22c4,91,default,False
mibench/office/ghostscript/src/libpng/pngread.c::png_read_image,mibench,ghostscript,office/ghostscript/src/libpng/pngread.c,png_read_image,data/ir/mibench/ghostscript/png_read_image__92530f40a2.ll,b3c2603995bf25a6,26,default,False
mibench/office/ghostscript/src/libpng/pngread.c::png_read_end,mibench,ghostscript,office/ghostscript/src/libpng/pngread.c,png_read_end,data/ir/mibench/ghostscript/png_read_end__4c4689faa1.ll,043b69b8ea9554f4,315,default,False
mibench/office/ghostscript/src/libpng/pngread.c::png_read_destroy,mibench,ghostscript,office/ghostscript/src/libpng/pngread.c,png_read_destroy,data/ir/mibench/ghostscript/png_read_destroy__37fdb9a2d2.ll,2d8fc37cf67879e0,204,default,False
mibench/office/ghostscript/src/libpng/pngrio.c::png_read_data,mibench,ghostscript,office/ghostscript/src/libpng/pngrio.c,png_read_data,data/ir/mibench/ghostscript/png_read_data__328651a0dc.ll,9b478fadb8b344b7,11,default,False
mibench/office/ghostscript/src/libpng/pngrtran.c::png_set_gamma,mibench,ghostscript,office/ghostscript/src/libpng/pngrtran.c,png_set_gamma,data/ir/mibench/ghostscript/png_set_gamma__814e741403.ll,96f7a4766397b95c,11,default,False
mibench/office/ghostscript/src/libpng/pngrtran.c::png_read_transform_info,mibench,ghostscript,office/ghostscript/src/libpng/pngrtran.c,png_read_transform_info,data/ir/mibench/ghostscript/png_read_transform_info__dadc383f81.ll,20ba22fe43708afc,195,default,False
mibench/office/ghostscript/src/libpng/pngrtran.c::png_do_read_transformations,mibench,ghostscript,office/ghostscript/src/libpng/pngrtran.c,png_do_read_transformations,data/ir/mibench/ghostscript/png_do_read_transformations__5a7797136b.ll,49cd7173d892cf26,208,default,False
mibench/office/ghostscript/src/libpng/pngrtran.c::png_do_expand_palette,mibench,ghostscript,office/ghostscript/src/libpng/pngrtran.c,png_do_expand_palette,data/ir/mibench/ghostscript/png_do_expand_palette__d00b85aa9b.ll,d802112e27cf31eb,298,default,False
mibench/office/ghostscript/src/libpng/pngrtran.c::png_do_expand,mibench,ghostscript,office/ghostscript/src/libpng/pngrtran.c,png_do_expand,data/ir/mibench/ghostscript/png_do_expand__b9dc96afd3.ll,8cda5836d6a82e91,508,default,False
mibench/office/ghostscript/src/libpng/pngrtran.c::png_do_unpack,mibench,ghostscript,office/ghostscript/src/libpng/pngrtran.c,png_do_unpack,data/ir/mibench/ghostscript/png_do_unpack__500a9f6044.ll,a9202904af49ab33,162,default,False
mibench/office/ghostscript/src/libpng/pngrtran.c::png_do_read_filler,mibench,ghostscript,office/ghostscript/src/libpng/pngrtran.c,png_do_read_filler,data/ir/mibench/ghostscript/png_do_read_filler__be05fe06ee.ll,9a4b8b21b3b166af,108,default,False
mibench/office/ghostscript/src/libpng/pngrutil.c::png_get_uint_16,mibench,ghostscript,office/ghostscript/src/libpng/pngrutil.c,png_get_uint_16,data/ir/mibench/ghostscript/png_get_uint_16__3d58514899.ll,e91d82114ab63e70,11,default,False
mibench/office/ghostscript/src/libpng/pngrutil.c::png_handle_gAMA,mibench,ghostscript,office/ghostscript/src/libpng/pngrutil.c,png_handle_gAMA,data/ir/mibench/ghostscript/png_handle_gAMA__1abf8c77bf.ll,e03726450ed6ab1a,38,default,False
mibench/office/ghostscript/src/libpng/pngrutil.c::png_handle_tRNS,mibench,ghostscript,office/ghostscript/src/libpng/pngrutil.c,png_handle_tRNS,data/ir/mibench/ghostscript/png_handle_tRNS__d9843dfdbe.ll,c3ee392b57a2b944,112,default,False
mibench/office/ghostscript/src/libpng/pngrutil.c::png_handle_hIST,mibench,ghostscript,office/ghostscript/src/libpng/pngrutil.c,png_handle_hIST,data/ir/mibench/ghostscript/png_handle_hIST__c141ea8b49.ll,b6dd3798d913687d,61,default,False
mibench/office/ghostscript/src/libpng/pngrutil.c::png_handle_oFFs,mibench,ghostscript,office/ghostscript/src/libpng/pngrutil.c,png_handle_oFFs,data/ir/mibench/ghostscript/png_handle_oFFs__f96230ff4d.ll,6801ecf176cd15b4,27,default,False
mibench/office/ghostscript/src/libpng/pngrutil.c::png_handle_tIME,mibench,ghostscript,office/ghostscript/src/libpng/pngrutil.c,png_handle_tIME,data/ir/mibench/ghostscript/png_handle_tIME__522a3c553e.ll,9985f386b647713d,44,default,False
mibench/office/ghostscript/src/libpng/pngrutil.c::png_read_finish_row,mibench,ghostscript,office/ghostscript/src/libpng/pngrutil.c,png_read_finish_row,data/ir/mibench/ghostscript/png_read_finish_row__c6ecd70e24.ll,3352ebf93c4e0a0c,313,default,False
mibench/office/ghostscript/src/libpng/pngtrans.c::png_set_swap,mibench,ghostscript,office/ghostscript/src/libpng/pngtrans.c,png_set_swap,data/ir/mibench/ghostscript/png_set_swap__34f3c303e2.ll,8eb6afcefad655d9,11,default,False
mibench/office/ghostscript/src/libpng/pngtrans.c::png_set_packing,mibench,ghostscript,office/ghostscript/src/libpng/pngtrans.c,png_set_packing,data/ir/mibench/ghostscript/png_set_packing__97e42f2dd4.ll,2b55112692546930,13,default,False
mibench/office/ghostscript/src/libpng/pngtrans.c::png_set_interlace_handling,mibench,ghostscript,office/ghostscript/src/libpng/pngtrans.c,png_set_interlace_handling,data/ir/mibench/ghostscript/png_set_interlace_handling__a6858cf17c.ll,adba95e4432d590e,12,default,False
mibench/office/ghostscript/src/libpng/pngtrans.c::png_do_swap,mibench,ghostscript,office/ghostscript/src/libpng/pngtrans.c,png_do_swap,data/ir/mibench/ghostscript/png_do_swap__b77894367c.ll,941db7dd1ecb7e9a,32,default,False
mibench/office/ghostscript/src/libpng/pngtrans.c::png_do_bgr,mibench,ghostscript,office/ghostscript/src/libpng/pngtrans.c,png_do_bgr,data/ir/mibench/ghostscript/png_do_bgr__e20ab31f25.ll,f49d49af986d78da,161,default,False
mibench/office/ghostscript/src/libpng/pngwrite.c::png_write_init,mibench,ghostscript,office/ghostscript/src/libpng/pngwrite.c,png_write_init,data/ir/mibench/ghostscript/png_write_init__272cd2c726.ll,738cfe41be36c363,19,default,False
mibench/office/ghostscript/src/libpng/pngwrite.c::png_write_rows,mibench,ghostscript,office/ghostscript/src/libpng/pngwrite.c,png_write_rows,data/ir/mibench/ghostscript/png_write_rows__efd8f54fa1.ll,a27bf115d12f3c7f,12,default,False
mibench/office/ghostscript/src/libpng/pngwrite.c::png_write_row,mibench,ghostscript,office/ghostscript/src/libpng/pngwrite.c,png_write_row,data/ir/mibench/ghostscript/png_write_row__aa444039d5.ll,bcb54d19ef993200,188,default,False
mibench/office/ghostscript/src/libpng/pngwrite.c::png_write_flush,mibench,ghostscript,office/ghostscript/src/libpng/pngwrite.c,png_write_flush,data/ir/mibench/ghostscript/png_write_flush__1ab1fd9bd9.ll,24d8fe4b90c43e5e,96,default,False
mibench/office/ghostscript/src/libpng/pngwrite.c::png_set_compression_window_bits,mibench,ghostscript,office/ghostscript/src/libpng/pngwrite.c,png_set_compression_window_bits,data/ir/mibench/ghostscript/png_set_compression_window_bits__63dd6300dc.ll,540a49a867f6ee0b,11,default,False
mibench/office/ghostscript/src/libpng/pngwutil.c::png_save_uint_16,mibench,ghostscript,office/ghostscript/src/libpng/pngwutil.c,png_save_uint_16,data/ir/mibench/ghostscript/png_save_uint_16__1e01baae21.ll,4dfb0b1b13377492,12,default,False
mibench/office/ghostscript/src/libpng/pngwutil.c::png_write_IHDR,mibench,ghostscript,office/ghostscript/src/libpng/pngwutil.c,png_write_IHDR,data/ir/mibench/ghostscript/png_write_IHDR__5e21bf83fd.ll,9d73a5e584cb7f87,238,default,False
mibench/office/ghostscript/src/libpng/pngwutil.c::png_write_bKGD,mibench,ghostscript,office/ghostscript/src/libpng/pngwutil.c,png_write_bKGD,data/ir/mibench/ghostscript/png_write_bKGD__09aac919f1.ll,beede42c3f1f8616,49,default,False
mibench/office/ghostscript/src/libpng/pngwutil.c::png_write_finish_row,mibench,ghostscript,office/ghostscript/src/libpng/pngwutil.c,png_write_finish_row,data/ir/mibench/ghostscript/png_write_finish_row__3ebf690c47.ll,4ca03aeda15995ae,215,default,False
mibench/office/ghostscript/src/libpng/pngwutil.c::png_do_write_interlace,mibench,ghostscript,office/ghostscript/src/libpng/pngwutil.c,png_do_write_interlace,data/ir/mibench/ghostscript/png_do_write_interlace__cea6b51072.ll,9c3c0fe08b2d1c30,221,default,False
mibench/office/ghostscript/src/zlib/compress.c::compress,mibench,ghostscript,office/ghostscript/src/zlib/compress.c,compress,data/ir/mibench/ghostscript/compress__7b1c3e99bc.ll,8bd2e183a087da12,46,default,False
mibench/office/ghostscript/src/zlib/deflate.c::deflateParams,mibench,ghostscript,office/ghostscript/src/zlib/deflate.c,deflateParams,data/ir/mibench/ghostscript/deflateParams__c0f8ebb2e3.ll,ff406468c163299c,81,legacy_c89,False
mibench/office/ghostscript/src/zlib/deflate.c::deflate,mibench,ghostscript,office/ghostscript/src/zlib/deflate.c,deflate,data/ir/mibench/ghostscript/deflate__5e7331cab9.ll,8806f17435b85245,244,legacy_c89,False
mibench/office/ghostscript/src/zlib/deflate.c::flush_pending,mibench,ghostscript,office/ghostscript/src/zlib/deflate.c,flush_pending,data/ir/mibench/ghostscript/flush_pending__4e64ecc97c.ll,7c9e302020080739,66,legacy_c89,False
mibench/office/ghostscript/src/zlib/deflate.c::deflateCopy,mibench,ghostscript,office/ghostscript/src/zlib/deflate.c,deflateCopy,data/ir/mibench/ghostscript/deflateCopy__bf6a0e094b.ll,ab21c0c04a67d219,12,legacy_c89,False
mibench/office/ghostscript/src/zlib/deflate.c::deflate_stored,mibench,ghostscript,office/ghostscript/src/zlib/deflate.c,deflate_stored,data/ir/mibench/ghostscript/deflate_stored__4b2def90f2.ll,b7ef3a76549637cf,139,legacy_c89,False
mibench/office/ghostscript/src/zlib/deflate.c::deflate_fast,mibench,ghostscript,office/ghostscript/src/zlib/deflate.c,deflate_fast,data/ir/mibench/ghostscript/deflate_fast__fa303dd6cc.ll,6dc3c48ef3af13fb,341,legacy_c89,False
mibench/office/ghostscript/src/zlib/deflate.c::fill_window,mibench,ghostscript,office/ghostscript/src/zlib/deflate.c,fill_window,data/ir/mibench/ghostscript/fill_window__3df12e4319.ll,526b35e13fe7ea22,184,legacy_c89,False
mibench/office/ghostscript/src/zlib/example.c::test_compress,mibench,ghostscript,office/ghostscript/src/zlib/example.c,test_compress,data/ir/mibench/ghostscript/test_compress__e0593ae1e7.ll,573e75096d02b474,29,default,False
mibench/office/ghostscript/src/zlib/example.c::test_gzio,mibench,ghostscript,office/ghostscript/src/zlib/example.c,test_gzio,data/ir/mibench/ghostscript/test_gzio__2423235b32.ll,5ab49e81a6be6658,40,default,False
mibench/office/ghostscript/src/zlib/example.c::test_deflate,mibench,ghostscript,office/ghostscript/src/zlib/example.c,test_deflate,data/ir/mibench/ghostscript/test_deflate__033073903b.ll,a6f37737a3e073b1,64,default,False
mibench/office/ghostscript/src/zlib/example.c::test_large_deflate,mibench,ghostscript,office/ghostscript/src/zlib/example.c,test_large_deflate,data/ir/mibench/ghostscript/test_large_deflate__fb48801de2.ll,d424557e9b0566d1,79,default,False
mibench/office/ghostscript/src/zlib/example.c::test_large_inflate,mibench,ghostscript,office/ghostscript/src/zlib/example.c,test_large_inflate,data/ir/mibench/ghostscript/test_large_inflate__92a2949b08.ll,af66276056105464,59,default,False
mibench/office/ghostscript/src/zlib/example.c::test_flush,mibench,ghostscript,office/ghostscript/src/zlib/example.c,test_flush,data/ir/mibench/ghostscript/test_flush__088980ccff.ll,b12f576f998f466b,55,default,False
mibench/office/ghostscript/src/zlib/example.c::test_dict_inflate,mibench,ghostscript,office/ghostscript/src/zlib/example.c,test_dict_inflate,data/ir/mibench/ghostscript/test_dict_inflate__0dec2f83f5.ll,0ecad6acec009d70,67,default,False
mibench/office/ghostscript/src/zlib/example.c::main,mibench,ghostscript,office/ghostscript/src/zlib/example.c,main,data/ir/mibench/ghostscript/main__1638fe432e.ll,7c2f962e7929a533,60,default,False
mibench/office/ghostscript/src/zlib/gzio.c::gz_open,mibench,ghostscript,office/ghostscript/src/zlib/gzio.c,gz_open,data/ir/mibench/ghostscript/gz_open__a92b4c7232.ll,449090e336d4ee58,200,legacy_c89,False
mibench/office/ghostscript/src/zlib/gzio.c::gzread,mibench,ghostscript,office/ghostscript/src/zlib/gzio.c,gzread,data/ir/mibench/ghostscript/gzread__823fd8aa8b.ll,c3a2281d2ec557bb,232,legacy_c89,False
mibench/office/ghostscript/src/zlib/gzio.c::check_header,mibench,ghostscript,office/ghostscript/src/zlib/gzio.c,check_header,data/ir/mibench/ghostscript/check_header__c087a75b30.ll,6e78adc9d9fb1660,121,legacy_c89,False
mibench/office/ghostscript/src/zlib/infblock.c::inflate_blocks_reset,mibench,ghostscript,office/ghostscript/src/zlib/infblock.c,inflate_blocks_reset,data/ir/mibench/ghostscript/inflate_blocks_reset__c5d7ff2833.ll,e1e86bd402427f5d,67,legacy_c89,False
mibench/office/ghostscript/src/zlib/infblock.c::inflate_blocks,mibench,ghostscript,office/ghostscript/src/zlib/infblock.c,inflate_blocks,data/ir/mibench/ghostscript/inflate_blocks__f408b255bc.ll,51afb3aee0d65fbc,1304,legacy_c89,False
mibench/office/ghostscript/src/zlib/infblock.c::inflate_blocks_free,mibench,ghostscript,office/ghostscript/src/zlib/infblock.c,inflate_blocks_free,data/ir/mibench/ghostscript/inflate_blocks_free__5ec9bf2dda.ll,f548fc4121b6feae,14,legacy_c89,False
mibench/office/ghostscript/src/zlib/infblock.c::inflate_set_dictionary,mibench,ghostscript,office/ghostscript/src/zlib/infblock.c,inflate_set_dictionary,data/ir/mibench/ghostscript/inflate_set_dictionary__17352c4e8a.ll,500e5ae09f785879,13,legacy_c89,False
mibench/office/ghostscript/src/zlib/inflate.c::inflateSync,mibench,ghostscript,office/ghostscript/src/zlib/inflate.c,inflateSync,data/ir/mibench/ghostscript/inflateSync__cdadb67bbb.ll,5c0668802554a381,102,default,False
mibench/office/ghostscript/src/zlib/minigzip.c::gz_compress,mibench,ghostscript,office/ghostscript/src/zlib/minigzip.c,gz_compress,data/ir/mibench/ghostscript/gz_compress__52ee9daea7.ll,099f8ee3938b20e4,27,default,False
mibench/office/ghostscript/src/zlib/minigzip.c::file_uncompress,mibench,ghostscript,office/ghostscript/src/zlib/minigzip.c,file_uncompress,data/ir/mibench/ghostscript/file_uncompress__a5f2530450.ll,29a6edf96e0011af,38,default,False
mibench/office/ghostscript/src/zlib/trees.c::init_block,mibench,ghostscript,office/ghostscript/src/zlib/trees.c,init_block,data/ir/mibench/ghostscript/init_block__52b3971c28.ll,17635c5fc54814b0,49,default,False
mibench/office/ghostscript/src/zlib/trees.c::_tr_stored_block,mibench,ghostscript,office/ghostscript/src/zlib/trees.c,_tr_stored_block,data/ir/mibench/ghostscript/_tr_stored_block__774aadec9c.ll,a0f0888c0e4bbc65,94,default,False
mibench/office/ghostscript/src/zlib/trees.c::set_data_type,mibench,ghostscript,office/ghostscript/src/zlib/trees.c,set_data_type,data/ir/mibench/ghostscript/set_data_type__4bc258f984.ll,cd11d4161b4c788b,50,default,False
mibench/office/ghostscript/src/zlib/trees.c::build_bl_tree,mibench,ghostscript,office/ghostscript/src/zlib/trees.c,build_bl_tree,data/ir/mibench/ghostscript/build_bl_tree__11709cdf78.ll,03f7e81de544735d,44,default,False
mibench/office/ghostscript/src/zlib/trees.c::compress_block,mibench,ghostscript,office/ghostscript/src/zlib/trees.c,compress_block,data/ir/mibench/ghostscript/compress_block__5b4170c978.ll,48824cdd922ea927,595,default,False
mibench/office/ghostscript/src/zlib/trees.c::send_all_trees,mibench,ghostscript,office/ghostscript/src/zlib/trees.c,send_all_trees,data/ir/mibench/ghostscript/send_all_trees__9eab7da1db.ll,b349e5124b1f513e,344,default,False
mibench/office/ghostscript/src/zlib/trees.c::gen_bitlen,mibench,ghostscript,office/ghostscript/src/zlib/trees.c,gen_bitlen,data/ir/mibench/ghostscript/gen_bitlen__3f20a02f7c.ll,96786a9fc7b7c4a3,223,default,False
mibench/office/ghostscript/src/zlib/trees.c::send_tree,mibench,ghostscript,office/ghostscript/src/zlib/trees.c,send_tree,data/ir/mibench/ghostscript/send_tree__d4fdf88215.ll,a5a35c5a2635f2a9,769,default,False
mibench/telecomm/gsm/add-test/add_test.c::gsm_add,mibench,gsm,telecomm/gsm/add-test/add_test.c,gsm_add,data/ir/mibench/gsm/gsm_add__dd95c078e5.ll,923cbde55653b89e,15,legacy_c89,False
mibench/telecomm/gsm/add-test/add_test.c::gsm_sub,mibench,gsm,telecomm/gsm/add-test/add_test.c,gsm_sub,data/ir/mibench/gsm/gsm_sub__1ff0433c29.ll,ba59c8e37f37bfaf,15,legacy_c89,False
mibench/telecomm/gsm/add-test/add_test.c::gsm_mult,mibench,gsm,telecomm/gsm/add-test/add_test.c,gsm_mult,data/ir/mibench/gsm/gsm_mult__a6cda1c5f9.ll,ac618d08f755af17,15,legacy_c89,False
mibench/telecomm/gsm/add-test/add_test.c::gsm_mult_r,mibench,gsm,telecomm/gsm/add-test/add_test.c,gsm_mult_r,data/ir/mibench/gsm/gsm_mult_r__f5a7085a43.ll,9f79a4c9ad5f08d7,17,legacy_c89,False
mibench/telecomm/gsm/add-test/add_test.c::gsm_abs,mibench,gsm,telecomm/gsm/add-test/add_test.c,gsm_abs,data/ir/mibench/gsm/gsm_abs__e7d4dd40e9.ll,21c5d979c4bbff22,17,legacy_c89,False
mibench/telecomm/gsm/add-test/add_test.c::gsm_L_mult,mibench,gsm,telecomm/gsm/add-test/add_test.c,gsm_L_mult,data/ir/mibench/gsm/gsm_L_mult__729a9359cb.ll,e2a830006c9403cc,14,legacy_c89,False
mibench/telecomm/gsm/add-test/add_test.c::gsm_L_add,mibench,gsm,telecomm/gsm/add-test/add_test.c,gsm_L_add,data/ir/mibench/gsm/gsm_L_add__f9ab3b9687.ll,081eb187f266d2d2,32,legacy_c89,False
mibench/telecomm/gsm/add-test/add_test.c::gsm_L_sub,mibench,gsm,telecomm/gsm/add-test/add_test.c,gsm_L_sub,data/ir/mibench/gsm/gsm_L_sub__8c8071de6c.ll,0a9a5e39d430eb8b,33,legacy_c89,False
mibench/telecomm/gsm/add-test/add_test.c::gsm_norm,mibench,gsm,telecomm/gsm/add-test/add_test.c,gsm_norm,data/ir/mibench/gsm/gsm_norm__53ad9e1432.ll,16d4892c819fc958,58,legacy_c89,False
mibench/telecomm/gsm/add-test/add_test.c::gsm_L_asl,mibench,gsm,telecomm/gsm/add-test/add_test.c,gsm_L_asl,data/ir/mibench/gsm/gsm_L_asl__2cfb07e1c7.ll,917090a98fecefa3,20,legacy_c89,False
mibench/telecomm/gsm/add-test/add_test.c::gsm_L_asr,mibench,gsm,telecomm/gsm/add-test/add_test.c,gsm_L_asr,data/ir/mibench/gsm/gsm_L_asr__cad300e62b.ll,aacaee329fc8b3e8,28,legacy_c89,False
mibench/telecomm/gsm/add-test/add_test.c::gsm_asl,mibench,gsm,telecomm/gsm/add-test/add_test.c,gsm_asl,data/ir/mibench/gsm/gsm_asl__dd32fed42c.ll,0d2ce69083c6cea6,22,legacy_c89,False
mibench/telecomm/gsm/add-test/add_test.c::gsm_asr,mibench,gsm,telecomm/gsm/add-test/add_test.c,gsm_asr,data/ir/mibench/gsm/gsm_asr__c92065afc6.ll,ac113c25577afefd,35,legacy_c89,False
mibench/telecomm/gsm/add-test/add_test.c::gsm_div,mibench,gsm,telecomm/gsm/add-test/add_test.c,gsm_div,data/ir/mibench/gsm/gsm_div__b4972b4926.ll,1e4f2e9d6b8a6edc,38,legacy_c89,False
mibench/telecomm/gsm/add-test/add_test.c::strtek,mibench,gsm,telecomm/gsm/add-test/add_test.c,strtek,data/ir/mibench/gsm/strtek__9b616de698.ll,a65beb2676e2697e,86,legacy_c89,False
mibench/telecomm/gsm/add-test/add_test.c::value,mibench,gsm,telecomm/gsm/add-test/add_test.c,value,data/ir/mibench/gsm/value__bbe4ae7dcf.ll,1db186b0299e8ae0,24,legacy_c89,False
mibench/telecomm/gsm/add-test/add_test.c::parse,mibench,gsm,telecomm/gsm/add-test/add_test.c,parse,data/ir/mibench/gsm/parse__7a4feade66.ll,b48477191c4d3cb4,58,legacy_c89,False
mibench/telecomm/gsm/add-test/add_test.c::fprint_word,mibench,gsm,telecomm/gsm/add-test/add_test.c,fprint_word,data/ir/mibench/gsm/fprint_word__5ee973f4df.ll,a2860d4e8946a4a6,19,legacy_c89,False
mibench/telecomm/gsm/add-test/add_test.c::fprint_longword,mibench,gsm,telecomm/gsm/add-test/add_test.c,fprint_longword,data/ir/mibench/gsm/fprint_longword__7b4a801b14.ll,8747bb02849c377f,25,legacy_c89,False
mibench/telecomm/gsm/add-test/add_test.c::do_longword,mibench,gsm,telecomm/gsm/add-test/add_test.c,do_longword,data/ir/mibench/gsm/do_longword__a0dab1fdad.ll,566ae7664868a80c,36,legacy_c89,False
mibench/telecomm/gsm/add-test/add_test.c::do_word,mibench,gsm,telecomm/gsm/add-test/add_test.c,do_word,data/ir/mibench/gsm/do_word__6599983021.ll,3fa1ef32a34b59b6,38,legacy_c89,False
mibench/telecomm/gsm/add-test/add_test.c::main,mibench,gsm,telecomm/gsm/add-test/add_test.c,main,data/ir/mibench/gsm/main__3669d10324.ll,62d2a10186982f39,259,legacy_c89,False
mibench/telecomm/gsm/add-test/add_test.c::M_gsm_add,mibench,gsm,telecomm/gsm/add-test/add_test.c,M_gsm_add,data/ir/mibench/gsm/M_gsm_add__cc443b736d.ll,3a269c54f072da9d,15,legacy_c89,False
mibench/telecomm/gsm/add-test/add_test.c::M_gsm_sub,mibench,gsm,telecomm/gsm/add-test/add_test.c,M_gsm_sub,data/ir/mibench/gsm/M_gsm_sub__38dfc2e625.ll,05236179a260b0b0,15,legacy_c89,False
mibench/telecomm/gsm/add-test/add_test.c::M_gsm_L_add,mibench,gsm,telecomm/gsm/add-test/add_test.c,M_gsm_L_add,data/ir/mibench/gsm/M_gsm_L_add__3cfb307ea9.ll,473dcb416e264fd2,36,legacy_c89,False
mibench/telecomm/gsm/src/code.c::Gsm_Coder,mibench,gsm,telecomm/gsm/src/code.c,Gsm_Coder,data/ir/mibench/gsm/Gsm_Coder__f4dc15dcd9.ll,23bc4817552ea0ec,75,legacy_c89,False
mibench/telecomm/gsm/src/debug.c::gsm_debug_words,mibench,gsm,telecomm/gsm/src/debug.c,gsm_debug_words,data/ir/mibench/gsm/gsm_debug_words__ac18ebb6a3.ll,de563bcba02ada5b,28,default,False
mibench/telecomm/gsm/src/debug.c::gsm_debug_longwords,mibench,gsm,telecomm/gsm/src/debug.c,gsm_debug_longwords,data/ir/mibench/gsm/gsm_debug_longwords__73ca1b635e.ll,3e00a5220c18c005,27,default,False
mibench/telecomm/gsm/src/decode.c::Gsm_Decoder,mibench,gsm,telecomm/gsm/src/decode.c,Gsm_Decoder,data/ir/mibench/gsm/Gsm_Decoder__8d71904069.ll,76e777958d970f10,49,legacy_c89,False
mibench/telecomm/gsm/src/decode.c::Postprocessing,mibench,gsm,telecomm/gsm/src/decode.c,Postprocessing,data/ir/mibench/gsm/Postprocessing__7d85ae1c7d.ll,788406eb8b200f61,51,legacy_c89,False
mibench/telecomm/gsm/src/gsm_decode.c::gsm_decode,mibench,gsm,telecomm/gsm/src/gsm_decode.c,gsm_decode,data/ir/mibench/gsm/gsm_decode__6576800dea.ll,21618fd84afa02f7,807,default,False
mibench/telecomm/gsm/src/gsm_encode.c::gsm_encode,mibench,gsm,telecomm/gsm/src/gsm_encode.c,gsm_encode,data/ir/mibench/gsm/gsm_encode__d05aea86ac.ll,22f3506e023c84e2,665,default,False
mibench/telecomm/gsm/src/gsm_explode.c::gsm_explode,mibench,gsm,telecomm/gsm/src/gsm_explode.c,gsm_explode,data/ir/mibench/gsm/gsm_explode__c1b65da2ad.ll,29647851943067b9,948,default,False
mibench/telecomm/gsm/src/gsm_implode.c::gsm_implode,mibench,gsm,telecomm/gsm/src/gsm_implode.c,gsm_implode,data/ir/mibench/gsm/gsm_implode__156756af35.ll,8506eb067690fd48,806,default,False
mibench/telecomm/gsm/src/gsm_option.c::gsm_option,mibench,gsm,telecomm/gsm/src/gsm_option.c,gsm_option,data/ir/mibench/gsm/gsm_option__a3e857f7c2.ll,7caa977c3bdcd6c2,16,default,False
mibench/telecomm/gsm/src/gsm_print.c::gsm_print,mibench,gsm,telecomm/gsm/src/gsm_print.c,gsm_print,data/ir/mibench/gsm/gsm_print__198251c4c5.ll,551771ff9b99f245,1037,default,False
mibench/telecomm/gsm/src/long_term.c::Gsm_Long_Term_Predictor,mibench,gsm,telecomm/gsm/src/long_term.c,Gsm_Long_Term_Predictor,data/ir/mibench/gsm/Gsm_Long_Term_Predictor__9fa2b5e588.ll,aec098baf94f1b49,35,legacy_c89,False
mibench/telecomm/gsm/src/long_term.c::Calculation_of_the_LTP_parameters,mibench,gsm,telecomm/gsm/src/long_term.c,Calculation_of_the_LTP_parameters,data/ir/mibench/gsm/Calculation_of_the_LTP_parameters__df47eb3f40.ll,469f9b37b2cbff29,617,legacy_c89,False
mibench/telecomm/gsm/src/long_term.c::Long_term_analysis_filtering,mibench,gsm,telecomm/gsm/src/long_term.c,Long_term_analysis_filtering,data/ir/mibench/gsm/Long_term_analysis_filtering__77cdf40eab.ll,ea52e2df19e1347e,179,legacy_c89,False
mibench/telecomm/gsm/src/long_term.c::Gsm_Long_Term_Synthesis_Filtering,mibench,gsm,telecomm/gsm/src/long_term.c,Gsm_Long_Term_Synthesis_Filtering,data/ir/mibench/gsm/Gsm_Long_Term_Synthesis_Filtering__7ad83e601f.ll,b34480a5ce1b5ca6,88,legacy_c89,False
mibench/telecomm/gsm/src/lpc.c::Autocorrelation,mibench,gsm,telecomm/gsm/src/lpc.c,Autocorrelation,data/ir/mibench/gsm/Autocorrelation__22d59822c3.ll,3496ec976f1f8286,620,legacy_c89,False
mibench/telecomm/gsm/src/lpc.c::Reflection_coefficients,mibench,gsm,telecomm/gsm/src/lpc.c,Reflection_coefficients,data/ir/mibench/gsm/Reflection_coefficients__679b7c209f.ll,98dd4af761e6c06d,255,legacy_c89,False
mibench/telecomm/gsm/src/lpc.c::Transformation_to_Log_Area_Ratios,mibench,gsm,telecomm/gsm/src/lpc.c,Transformation_to_Log_Area_Ratios,data/ir/mibench/gsm/Transformation_to_Log_Area_Ratios__e76f618d89.ll,95137528ea8f2adb,88,legacy_c89,False
mibench/telecomm/gsm/src/lpc.c::Quantization_and_coding,mibench,gsm,telecomm/gsm/src/lpc.c,Quantization_and_coding,data/ir/mibench/gsm/Quantization_and_coding__c165cf9f3f.ll,6d63e3d3ae0f3cb5,409,legacy_c89,False
mibench/telecomm/gsm/src/preprocess.c::Gsm_Preprocess,mibench,gsm,telecomm/gsm/src/preprocess.c,Gsm_Preprocess,data/ir/mibench/gsm/Gsm_Preprocess__beded97116.ll,aa59eb207fc6f459,140,legacy_c89,False
mibench/telecomm/gsm/src/rpe.c::Gsm_RPE_Encoding,mibench,gsm,telecomm/gsm/src/rpe.c,Gsm_RPE_Encoding,data/ir/mibench/gsm/Gsm_RPE_Encoding__6c1c459e1e.ll,88e2855f1d8f90c9,20,legacy_c89,False
mibench/telecomm/gsm/src/rpe.c::Weighting_filter,mibench,gsm,telecomm/gsm/src/rpe.c,Weighting_filter,data/ir/mibench/gsm/Weighting_filter__3dd5a2b320.ll,b369c71b08f56a2e,88,legacy_c89,False
mibench/telecomm/gsm/src/rpe.c::RPE_grid_selection,mibench,gsm,telecomm/gsm/src/rpe.c,RPE_grid_selection,data/ir/mibench/gsm/RPE_grid_selection__f5ceae0921.ll,c9d330b4076b5c78,316,legacy_c89,False
mibench/telecomm/gsm/src/rpe.c::APCM_quantization,mibench,gsm,telecomm/gsm/src/rpe.c,APCM_quantization,data/ir/mibench/gsm/APCM_quantization__7e022687f8.ll,3bc6ecd22a8ec1f1,175,legacy_c89,False
mibench/telecomm/gsm/src/rpe.c::APCM_inverse_quantization,mibench,gsm,telecomm/gsm/src/rpe.c,APCM_inverse_quantization,data/ir/mibench/gsm/APCM_inverse_quantization__96f905ce4a.ll,22e96704b7b1cecf,78,legacy_c89,False
mibench/telecomm/gsm/src/rpe.c::RPE_grid_positioning,mibench,gsm,telecomm/gsm/src/rpe.c,RPE_grid_positioning,data/ir/mibench/gsm/RPE_grid_positioning__a27d41d3d0.ll,fd96432a1e4aaf9a,52,legacy_c89,False
mibench/telecomm/gsm/src/rpe.c::Gsm_RPE_Decoding,mibench,gsm,telecomm/gsm/src/rpe.c,Gsm_RPE_Decoding,data/ir/mibench/gsm/Gsm_RPE_Decoding__83573fbb9f.ll,5e4ff650b3ae10c3,11,legacy_c89,False
mibench/telecomm/gsm/src/rpe.c::APCM_quantization_xmaxc_to_exp_mant,mibench,gsm,telecomm/gsm/src/rpe.c,APCM_quantization_xmaxc_to_exp_mant,data/ir/mibench/gsm/APCM_quantization_xmaxc_to_exp_mant__2052877134.ll,1908c3095cb31438,57,legacy_c89,False
mibench/telecomm/gsm/src/short_term.c::Gsm_Short_Term_Analysis_Filter,mibench,gsm,telecomm/gsm/src/short_term.c,Gsm_Short_Term_Analysis_Filter,data/ir/mibench/gsm/Gsm_Short_Term_Analysis_Filter__08ca7042a8.ll,dce5dc18e6246b23,46,legacy_c89,False
mibench/telecomm/gsm/src/short_term.c::Decoding_of_the_coded_Log_Area_Ratios,mibench,gsm,telecomm/gsm/src/short_term.c,Decoding_of_the_coded_Log_Area_Ratios,data/ir/mibench/gsm/Decoding_of_the_coded_Log_Area_Ratios__9a40d15298.ll,41170fc6274d9f28,401,legacy_c89,False
mibench/telecomm/gsm/src/short_term.c::Coefficients_0_12,mibench,gsm,telecomm/gsm/src/short_term.c,Coefficients_0_12,data/ir/mibench/gsm/Coefficients_0_12__c4264cb47a.ll,f560a2cb59fcc700,54,legacy_c89,False
mibench/telecomm/gsm/src/short_term.c::LARp_to_rp,mibench,gsm,telecomm/gsm/src/short_term.c,LARp_to_rp,data/ir/mibench/gsm/LARp_to_rp__779c05d19e.ll,2a50e321fb75cfb7,97,legacy_c89,False
mibench/telecomm/gsm/src/short_term.c::Short_term_analysis_filtering,mibench,gsm,telecomm/gsm/src/short_term.c,Short_term_analysis_filtering,data/ir/mibench/gsm/Short_term_analysis_filtering__cefea207d5.ll,61360d44fc455f61,72,legacy_c89,False
mibench/telecomm/gsm/src/short_term.c::Coefficients_13_26,mibench,gsm,telecomm/gsm/src/short_term.c,Coefficients_13_26,data/ir/mibench/gsm/Coefficients_13_26__cd70db24c1.ll,28c2829d0c4651c0,35,legacy_c89,False
mibench/telecomm/gsm/src/short_term.c::Coefficients_27_39,mibench,gsm,telecomm/gsm/src/short_term.c,Coefficients_27_39,data/ir/mibench/gsm/Coefficients_27_39__c66b36793e.ll,22ddd0dea6e431ec,54,legacy_c89,False
mibench/telecomm/gsm/src/short_term.c::Coefficients_40_159,mibench,gsm,telecomm/gsm/src/short_term.c,Coefficients_40_159,data/ir/mibench/gsm/Coefficients_40_159__c84b5d4c7f.ll,db81e0a2c56735f7,14,legacy_c89,False
mibench/telecomm/gsm/src/short_term.c::Gsm_Short_Term_Synthesis_Filter,mibench,gsm,telecomm/gsm/src/short_term.c,Gsm_Short_Term_Synthesis_Filter,data/ir/mibench/gsm/Gsm_Short_Term_Synthesis_Filter__6b0077946a.ll,53e2194a261c417e,49,legacy_c89,False
mibench/telecomm/gsm/src/short_term.c::Short_term_synthesis_filtering,mibench,gsm,telecomm/gsm/src/short_term.c,Short_term_synthesis_filtering,data/ir/mibench/gsm/Short_term_synthesis_filtering__1767372571.ll,a8691bbc032540f1,97,legacy_c89,False
mibench/telecomm/gsm/src/toast.c::main,mibench,gsm,telecomm/gsm/src/toast.c,main,data/ir/mibench/gsm/main__3a797a7830.ll,6648f9670314fa89,66,default,False
mibench/telecomm/gsm/src/toast.c::set_format,mibench,gsm,telecomm/gsm/src/toast.c,set_format,data/ir/mibench/gsm/set_format__d813f7d9fd.ll,0dbecf9bdd60419d,14,default,False
mibench/telecomm/gsm/src/toast.c::help,mibench,gsm,telecomm/gsm/src/toast.c,help,data/ir/mibench/gsm/help__c13fe20a8a.ll,8075e42d986dd180,18,default,False
mibench/telecomm/gsm/src/toast.c::process,mibench,gsm,telecomm/gsm/src/toast.c,process,data/ir/mibench/gsm/process__df5326af13.ll,ea94ffd5bc4fc4ad,208,default,False
mibench/telecomm/gsm/src/toast.c::endname,mibench,gsm,telecomm/gsm/src/toast.c,endname,data/ir/mibench/gsm/endname__ddf630abdc.ll,82c58c5052b130c5,16,default,False
mibench/telecomm/gsm/src/toast.c::open_input,mibench,gsm,telecomm/gsm/src/toast.c,open_input,data/ir/mibench/gsm/open_input__d2a41937ca.ll,1178c32e73155607,66,default,False
mibench/telecomm/gsm/src/toast.c::open_output,mibench,gsm,telecomm/gsm/src/toast.c,open_output,data/ir/mibench/gsm/open_output__a3474a1324.ll,ff148057d8608d1c,56,default,False
mibench/telecomm/gsm/src/toast.c::process_decode,mibench,gsm,telecomm/gsm/src/toast.c,process_decode,data/ir/mibench/gsm/process_decode__8e9e3db7a1.ll,f1515bbc42d81468,104,default,False
mibench/telecomm/gsm/src/toast.c::process_encode,mibench,gsm,telecomm/gsm/src/toast.c,process_encode,data/ir/mibench/gsm/process_encode__e3bfb52ef6.ll,b41b1329527700da,82,default,False
mibench/telecomm/gsm/src/toast.c::update_times,mibench,gsm,telecomm/gsm/src/toast.c,update_times,data/ir/mibench/gsm/update_times__591e03366e.ll,b1b31b9e7f1f0788,19,default,False
mibench/telecomm/gsm/src/toast.c::update_mode,mibench,gsm,telecomm/gsm/src/toast.c,update_mode,data/ir/mibench/gsm/update_mode__b0603022da.ll,21f92569d8081ca8,19,default,False
mibench/telecomm/gsm/src/toast.c::update_own,mibench,gsm,telecomm/gsm/src/toast.c,update_own,data/ir/mibench/gsm/update_own__43161de104.ll,d9e24890001e9838,11,default,False
mibench/telecomm/gsm/src/toast.c::suffix,mibench,gsm,telecomm/gsm/src/toast.c,suffix,data/ir/mibench/gsm/suffix__4c71dc1762.ll,28695920bc7639ac,18,default,False
mibench/telecomm/gsm/src/toast.c::emalloc,mibench,gsm,telecomm/gsm/src/toast.c,emalloc,data/ir/mibench/gsm/emalloc__f4a7440e60.ll,5e028281c3809b3c,10,default,False
mibench/telecomm/gsm/src/toast.c::okay_as_input,mibench,gsm,telecomm/gsm/src/toast.c,okay_as_input,data/ir/mibench/gsm/okay_as_input__657d05a25a.ll,3e6e25d22acf4df4,44,default,False
mibench/telecomm/gsm/src/toast.c::grok_format,mibench,gsm,telecomm/gsm/src/toast.c,grok_format,data/ir/mibench/gsm/grok_format__055b0dc130.ll,78bd02ea524eab99,37,default,False
mibench/telecomm/gsm/src/toast.c::prepare_io,mibench,gsm,telecomm/gsm/src/toast.c,prepare_io,data/ir/mibench/gsm/prepare_io__50b336b50f.ll,c19653438456308e,13,default,False
mibench/telecomm/gsm/src/toast.c::normalname,mibench,gsm,telecomm/gsm/src/toast.c,normalname,data/ir/mibench/gsm/normalname__f065ed9916.ll,73b75b42996ded26,29,default,False
mibench/telecomm/gsm/src/toast.c::length_okay,mibench,gsm,telecomm/gsm/src/toast.c,length_okay,data/ir/mibench/gsm/length_okay__780ec7710e.ll,ecab8ce2e50bd69d,17,default,False
mibench/telecomm/gsm/src/toast.c::ok_to_replace,mibench,gsm,telecomm/gsm/src/toast.c,ok_to_replace,data/ir/mibench/gsm/ok_to_replace__81d8b15bc4.ll,aed696c224f2722d,34,default,False
mibench/telecomm/gsm/src/toast_alaw.c::alaw_input,mibench,gsm,telecomm/gsm/src/toast_alaw.c,alaw_input,data/ir/mibench/gsm/alaw_input__5bd3b52265.ll,c02301d499d7bd46,32,default,False
mibench/telecomm/gsm/src/toast_alaw.c::alaw_output,mibench,gsm,telecomm/gsm/src/toast_alaw.c,alaw_output,data/ir/mibench/gsm/alaw_output__35e2f99fa1.ll,3e9904e603627813,24,default,False
mibench/telecomm/gsm/src/toast_audio.c::audio_init_input,mibench,gsm,telecomm/gsm/src/toast_audio.c,audio_init_input,data/ir/mibench/gsm/audio_init_input__b9ca40410a.ll,d1e9c6e016d8c052,66,default,False
mibench/telecomm/gsm/src/toast_audio.c::get_u32,mibench,gsm,telecomm/gsm/src/toast_audio.c,get_u32,data/ir/mibench/gsm/get_u32__aaf5afc706.ll,140cdfa532ada506,31,default,False
mibench/telecomm/gsm/src/toast_audio.c::audio_init_output,mibench,gsm,telecomm/gsm/src/toast_audio.c,audio_init_output,data/ir/mibench/gsm/audio_init_output__7173bc77ce.ll,946162e195dade5b,36,default,False
mibench/telecomm/gsm/src/toast_audio.c::put_u32,mibench,gsm,telecomm/gsm/src/toast_audio.c,put_u32,data/ir/mibench/gsm/put_u32__5986edabed.ll,6d42e4b130b67244,31,default,False
mibench/telecomm/gsm/src/toast_ulaw.c::ulaw_input,mibench,gsm,telecomm/gsm/src/toast_ulaw.c,ulaw_input,data/ir/mibench/gsm/ulaw_input__85711f01d3.ll,34b890bc057036f3,32,default,False
mibench/telecomm/gsm/src/toast_ulaw.c::ulaw_output,mibench,gsm,telecomm/gsm/src/toast_ulaw.c,ulaw_output,data/ir/mibench/gsm/ulaw_output__43997759ae.ll,67007497a58ff7bd,24,default,False
mibench/telecomm/gsm/tst/cod2lin.c::process,mibench,gsm,telecomm/gsm/tst/cod2lin.c,process,data/ir/mibench/gsm/process__9728a48312.ll,90ce27c9bdb3310c,45,legacy_c89,False
mibench/telecomm/gsm/tst/cod2lin.c::main,mibench,gsm,telecomm/gsm/tst/cod2lin.c,main,data/ir/mibench/gsm/main__3d9385d558.ll,977a39b778ac8bd5,56,legacy_c89,False
mibench/telecomm/gsm/tst/cod2txt.c::process,mibench,gsm,telecomm/gsm/tst/cod2txt.c,process,data/ir/mibench/gsm/process__3a43bc6ed7.ll,6b74ee18d7476abe,45,legacy_c89,False
mibench/telecomm/gsm/tst/cod2txt.c::main,mibench,gsm,telecomm/gsm/tst/cod2txt.c,main,data/ir/mibench/gsm/main__6ddcf1f2dd.ll,04717d5a0e71cfe3,37,legacy_c89,False
mibench/telecomm/gsm/tst/gsm2cod.c::process,mibench,gsm,telecomm/gsm/tst/gsm2cod.c,process,data/ir/mibench/gsm/process__2ed6d37c7a.ll,e4406863eaf46418,41,legacy_c89,False
mibench/telecomm/gsm/tst/gsm2cod.c::main,mibench,gsm,telecomm/gsm/tst/gsm2cod.c,main,data/ir/mibench/gsm/main__e6807a5a2d.ll,ddbbbd0532f75dfe,37,legacy_c89,False
mibench/telecomm/gsm/tst/lin2cod.c::process,mibench,gsm,telecomm/gsm/tst/lin2cod.c,process,data/ir/mibench/gsm/process__072f6143d5.ll,f5ac1abf7f4aa1e1,45,legacy_c89,False
mibench/telecomm/gsm/tst/lin2txt.c::process,mibench,gsm,telecomm/gsm/tst/lin2txt.c,process,data/ir/mibench/gsm/process__b219009654.ll,f5c954e4f6865ede,58,legacy_c89,False
mibench/telecomm/gsm/tst/lin2txt.c::main,mibench,gsm,telecomm/gsm/tst/lin2txt.c,main,data/ir/mibench/gsm/main__7866d4d38b.ll,3a2f4717a80b29ef,52,legacy_c89,False
mibench/office/ispell/languages/fix8bit.c::main,mibench,ispell,office/ispell/languages/fix8bit.c,main,data/ir/mibench/ispell/main__339c491734.ll,b09a456edbfc6516,22,legacy_c89,False
mibench/office/ispell/languages/fix8bit.c::to7bit,mibench,ispell,office/ispell/languages/fix8bit.c,to7bit,data/ir/mibench/ispell/to7bit__134c265ff9.ll,6d2d0f358f9917f3,13,legacy_c89,False
mibench/office/ispell/languages/fix8bit.c::to8bit,mibench,ispell,office/ispell/languages/fix8bit.c,to8bit,data/ir/mibench/ispell/to8bit__15b082a162.ll,ba47db16fd2926ae,109,legacy_c89,False
mibench/office/ispell/sq.c::main,mibench,ispell,office/ispell/sq.c,main,data/ir/mibench/ispell/main__932d54c579.ll,1e1bb2fedbcdd37a,10,legacy_c89,False
mibench/office/ispell/sq.c::trunc,mibench,ispell,office/ispell/sq.c,trunc,data/ir/mibench/ispell/trunc__15e8165bfc.ll,c8856113651cb39a,28,legacy_c89,False
mibench/office/ispell/unsq.c::main,mibench,ispell,office/ispell/unsq.c,main,data/ir/mibench/ispell/main__fb551625b3.ll,6bf93e6c41532f23,11,legacy_c89,False
mibench/office/ispell/unsq.c::expand,mibench,ispell,office/ispell/unsq.c,expand,data/ir/mibench/ispell/expand__2574e7c19e.ll,88fb09e1ec9e9c90,50,legacy_c89,False
mibench/consumer/jpeg/jpeg-6a/ansi2knr.c::main,mibench,jpeg,consumer/jpeg/jpeg-6a/ansi2knr.c,main,data/ir/mibench/jpeg/main__54acace254.ll,9616a3a5a1209520,125,legacy_c89,False
mibench/consumer/jpeg/jpeg-6a/ansi2knr.c::convert1,mibench,jpeg,consumer/jpeg/jpeg-6a/ansi2knr.c,convert1,data/ir/mibench/jpeg/convert1__389da35804.ll,a8ff98aa7a5f4f35,369,legacy_c89,False
mibench/consumer/jpeg/jpeg-6a/cjpeg.c::parse_switches,mibench,jpeg,consumer/jpeg/jpeg-6a/cjpeg.c,parse_switches,data/ir/mibench/jpeg/parse_switches__54a64871bd.ll,209c006d937c8650,477,default,False
mibench/consumer/jpeg/jpeg-6a/cjpeg.c::usage,mibench,jpeg,consumer/jpeg/jpeg-6a/cjpeg.c,usage,data/ir/mibench/jpeg/usage__5445e8d8c4.ll,faa3e2d4b478ad24,49,default,False
mibench/consumer/jpeg/jpeg-6a/djpeg.c::usage,mibench,jpeg,consumer/jpeg/jpeg-6a/djpeg.c,usage,data/ir/mibench/jpeg/usage__30e62cb515.ll,e516ae4026b82525,53,default,False
mibench/consumer/jpeg/jpeg-6a/djpeg.c::jpeg_getc,mibench,jpeg,consumer/jpeg/jpeg-6a/djpeg.c,jpeg_getc,data/ir/mibench/jpeg/jpeg_getc__eb7d4a001d.ll,0ea011ea346b0fae,33,default,False
mibench/consumer/jpeg/jpeg-6a/example.c::read_JPEG_file,mibench,jpeg,consumer/jpeg/jpeg-6a/example.c,read_JPEG_file,data/ir/mibench/jpeg/read_JPEG_file__82401d0042.ll,e08ca21a1e33e56d,55,legacy_c89,False
mibench/consumer/jpeg/jpeg-6a/jcapimin.c::jpeg_CreateCompress,mibench,jpeg,consumer/jpeg/jpeg-6a/jcapimin.c,jpeg_CreateCompress,data/ir/mibench/jpeg/jpeg_CreateCompress__2dae363de7.ll,03f8f6d0eb6e02de,92,default,False
mibench/consumer/jpeg/jpeg-6a/jcapimin.c::jpeg_write_tables,mibench,jpeg,consumer/jpeg/jpeg-6a/jcapimin.c,jpeg_write_tables,data/ir/mibench/jpeg/jpeg_write_tables__5dbc51b41e.ll,f4440c8c5ebb65fd,44,default,False
mibench/consumer/jpeg/jpeg-6a/jccoefct.c::compress_first_pass,mibench,jpeg,consumer/jpeg/jpeg-6a/jccoefct.c,compress_first_pass,data/ir/mibench/jpeg/compress_first_pass__68374e86f0.ll,887b35237cd09968,162,default,False
mibench/consumer/jpeg/jpeg-6a/jcdctmgr.c::forward_DCT,mibench,jpeg,consumer/jpeg/jpeg-6a/jcdctmgr.c,forward_DCT,data/ir/mibench/jpeg/forward_DCT__455b5fb4df.ll,378280c8cde21bcb,130,default,False
mibench/consumer/jpeg/jpeg-6a/jchuff.c::jpeg_gen_optimal_table,mibench,jpeg,consumer/jpeg/jpeg-6a/jchuff.c,jpeg_gen_optimal_table,data/ir/mibench/jpeg/jpeg_gen_optimal_table__26fad0904a.ll,9f2f282444955d07,271,default,False
mibench/consumer/jpeg/jpeg-6a/jchuff.c::start_pass_huff,mibench,jpeg,consumer/jpeg/jpeg-6a/jchuff.c,start_pass_huff,data/ir/mibench/jpeg/start_pass_huff__64071ef62e.ll,8de9297839407ec7,169,default,False
mibench/consumer/jpeg/jpeg-6a/jchuff.c::htest_one_block,mibench,jpeg,consumer/jpeg/jpeg-6a/jchuff.c,htest_one_block,data/ir/mibench/jpeg/htest_one_block__455e78f294.ll,2e5f3b1b99fa53f2,81,default,False
mibench/consumer/jpeg/jpeg-6a/jchuff.c::flush_bits,mibench,jpeg,consumer/jpeg/jpeg-6a/jchuff.c,flush_bits,data/ir/mibench/jpeg/flush_bits__eeb8f685b7.ll,bf6784f32b7c3e83,13,default,False
mibench/consumer/jpeg/jpeg-6a/jcmarker.c::jinit_marker_writer,mibench,jpeg,consumer/jpeg/jpeg-6a/jcmarker.c,jinit_marker_writer,data/ir/mibench/jpeg/jinit_marker_writer__4c793b2106.ll,c4a64d330a0554e7,32,default,False
mibench/consumer/jpeg/jpeg-6a/jcmarker.c::write_scan_header,mibench,jpeg,consumer/jpeg/jpeg-6a/jcmarker.c,write_scan_header,data/ir/mibench/jpeg/write_scan_header__17cbab33bd.ll,d03cd0496f41c176,57,default,False
mibench/consumer/jpeg/jpeg-6a/jcmarker.c::emit_adobe_app14,mibench,jpeg,consumer/jpeg/jpeg-6a/jcmarker.c,emit_adobe_app14,data/ir/mibench/jpeg/emit_adobe_app14__fea93744d3.ll,adc888cc5fe880f6,20,default,False
mibench/consumer/jpeg/jpeg-6a/jcmaster.c::prepare_for_pass,mibench,jpeg,consumer/jpeg/jpeg-6a/jcmaster.c,prepare_for_pass,data/ir/mibench/jpeg/prepare_for_pass__7fd05f0624.ll,8cc015b1539becb7,176,default,False
mibench/consumer/jpeg/jpeg-6a/jcmaster.c::validate_script,mibench,jpeg,consumer/jpeg/jpeg-6a/jcmaster.c,validate_script,data/ir/mibench/jpeg/validate_script__8a9a140f34.ll,9a4e97e99507f6a9,452,default,False
mibench/consumer/jpeg/jpeg-6a/jcparam.c::jpeg_add_quant_table,mibench,jpeg,consumer/jpeg/jpeg-6a/jcparam.c,jpeg_add_quant_table,data/ir/mibench/jpeg/jpeg_add_quant_table__6f62015256.ll,2a617416a6f3e00d,69,default,False
mibench/consumer/jpeg/jpeg-6a/jcparam.c::jpeg_default_colorspace,mibench,jpeg,consumer/jpeg/jpeg-6a/jcparam.c,jpeg_default_colorspace,data/ir/mibench/jpeg/jpeg_default_colorspace__8c83152ad3.ll,4394f8f457930db5,26,default,False
mibench/consumer/jpeg/jpeg-6a/jcparam.c::add_huff_table,mibench,jpeg,consumer/jpeg/jpeg-6a/jcparam.c,add_huff_table,data/ir/mibench/jpeg/add_huff_table__5780933cc4.ll,2a0040eadbe8678e,18,default,False
mibench/consumer/jpeg/jpeg-6a/jcphuff.c::start_pass_phuff,mibench,jpeg,consumer/jpeg/jpeg-6a/jcphuff.c,start_pass_phuff,data/ir/mibench/jpeg/start_pass_phuff__fa4e5fb2a2.ll,95cc5647e4fcb31c,205,default,False
mibench/consumer/jpeg/jpeg-6a/jcphuff.c::encode_mcu_DC_first,mibench,jpeg,consumer/jpeg/jpeg-6a/jcphuff.c,encode_mcu_DC_first,data/ir/mibench/jpeg/encode_mcu_DC_first__571d9d931d.ll,a5dc8c8ebf45926f,123,default,False
mibench/consumer/jpeg/jpeg-6a/jcphuff.c::finish_pass_phuff,mibench,jpeg,consumer/jpeg/jpeg-6a/jcphuff.c,finish_pass_phuff,data/ir/mibench/jpeg/finish_pass_phuff__0834d32b19.ll,26856756d1be4a29,29,default,False
mibench/consumer/jpeg/jpeg-6a/jcphuff.c::emit_eobrun,mibench,jpeg,consumer/jpeg/jpeg-6a/jcphuff.c,emit_eobrun,data/ir/mibench/jpeg/emit_eobrun__3a74a007a5.ll,640f60ee2f0a2db7,35,default,False
mibench/consumer/jpeg/jpeg-6a/jcsample.c::jinit_downsampler,mibench,jpeg,consumer/jpeg/jpeg-6a/jcsample.c,jinit_downsampler,data/ir/mibench/jpeg/jinit_downsampler__6d59029c0d.ll,d0eedbfe5be657b4,177,default,False
mibench/consumer/jpeg/jpeg-6a/jcsample.c::expand_right_edge,mibench,jpeg,consumer/jpeg/jpeg-6a/jcsample.c,expand_right_edge,data/ir/mibench/jpeg/expand_right_edge__82e4b77135.ll,f897da3e3de8be73,29,default,False
mibench/consumer/jpeg/jpeg-6a/jctrans.c::jpeg_write_coefficients,mibench,jpeg,consumer/jpeg/jpeg-6a/jctrans.c,jpeg_write_coefficients,data/ir/mibench/jpeg/jpeg_write_coefficients__05bf44fc07.ll,97ca66285a768f53,38,default,False
mibench/consumer/jpeg/jpeg-6a/jdapimin.c::jpeg_read_header,mibench,jpeg,consumer/jpeg/jpeg-6a/jdapimin.c,jpeg_read_header,data/ir/mibench/jpeg/jpeg_read_header__a43afe0dae.ll,28bfc59674b705d7,45,default,False
mibench/consumer/jpeg/jpeg-6a/jdapimin.c::default_decompress_parms,mibench,jpeg,consumer/jpeg/jpeg-6a/jdapimin.c,default_decompress_parms,data/ir/mibench/jpeg/default_decompress_parms__c7c5b945b5.ll,4ddecb68ce46399a,192,default,False
mibench/consumer/jpeg/jpeg-6a/jdapimin.c::jpeg_input_complete,mibench,jpeg,consumer/jpeg/jpeg-6a/jdapimin.c,jpeg_input_complete,data/ir/mibench/jpeg/jpeg_input_complete__4d89b4c0fe.ll,55196266d142c2b4,30,default,False
mibench/consumer/jpeg/jpeg-6a/jdapimin.c::jpeg_finish_decompress,mibench,jpeg,consumer/jpeg/jpeg-6a/jdapimin.c,jpeg_finish_decompress,data/ir/mibench/jpeg/jpeg_finish_decompress__8c391b8443.ll,f6a2bb09d439e13c,92,default,False
mibench/consumer/jpeg/jpeg-6a/jdapistd.c::output_pass_setup,mibench,jpeg,consumer/jpeg/jpeg-6a/jdapistd.c,output_pass_setup,data/ir/mibench/jpeg/output_pass_setup__3af987fd33.ll,fcc570c66ac06d11,89,default,False
mibench/consumer/jpeg/jpeg-6a/jdapistd.c::jpeg_read_scanlines,mibench,jpeg,consumer/jpeg/jpeg-6a/jdapistd.c,jpeg_read_scanlines,data/ir/mibench/jpeg/jpeg_read_scanlines__39ff458fcb.ll,59d6fbb5ecb3e663,77,default,False
mibench/consumer/jpeg/jpeg-6a/jdcoefct.c::decompress_smooth_data,mibench,jpeg,consumer/jpeg/jpeg-6a/jdcoefct.c,decompress_smooth_data,data/ir/mibench/jpeg/decompress_smooth_data__8b4e9c761b.ll,851a2796afbc79ca,545,default,False
mibench/consumer/jpeg/jpeg-6a/jdcolor.c::null_convert,mibench,jpeg,consumer/jpeg/jpeg-6a/jdcolor.c,null_convert,data/ir/mibench/jpeg/null_convert__b882669cc0.ll,7461f9efab2ce7ff,46,default,False
mibench/consumer/jpeg/jpeg-6a/jddctmgr.c::jinit_inverse_dct,mibench,jpeg,consumer/jpeg/jpeg-6a/jddctmgr.c,jinit_inverse_dct,data/ir/mibench/jpeg/jinit_inverse_dct__54c41c2e6d.ll,9cab9f04677e4e34,38,default,False
mibench/consumer/jpeg/jpeg-6a/jdhuff.c::jpeg_huff_decode,mibench,jpeg,consumer/jpeg/jpeg-6a/jdhuff.c,jpeg_huff_decode,data/ir/mibench/jpeg/jpeg_huff_decode__9ac28b18d8.ll,f6a831790a8999ad,98,default,False
mibench/consumer/jpeg/jpeg-6a/jdhuff.c::process_restart,mibench,jpeg,consumer/jpeg/jpeg-6a/jdhuff.c,process_restart,data/ir/mibench/jpeg/process_restart__ea87ff4954.ll,a9a4ee630c48ac9e,47,default,False
mibench/consumer/jpeg/jpeg-6a/jdinput.c::consume_markers,mibench,jpeg,consumer/jpeg/jpeg-6a/jdinput.c,consume_markers,data/ir/mibench/jpeg/consume_markers__5e1067bd0d.ll,6df209f198d57c19,81,default,False
mibench/consumer/jpeg/jpeg-6a/jdinput.c::reset_input_controller,mibench,jpeg,consumer/jpeg/jpeg-6a/jdinput.c,reset_input_controller,data/ir/mibench/jpeg/reset_input_controller__27bdfa3587.ll,73048f71a39e4934,26,default,False
mibench/consumer/jpeg/jpeg-6a/jdinput.c::per_scan_setup,mibench,jpeg,consumer/jpeg/jpeg-6a/jdinput.c,per_scan_setup,data/ir/mibench/jpeg/per_scan_setup__8510ac578c.ll,b964b00713665085,194,default,False
mibench/consumer/jpeg/jpeg-6a/jdinput.c::latch_quant_tables,mibench,jpeg,consumer/jpeg/jpeg-6a/jdinput.c,latch_quant_tables,data/ir/mibench/jpeg/latch_quant_tables__855733a22a.ll,204ca3cf45585c7d,58,default,False
mibench/consumer/jpeg/jpeg-6a/jdmainct.c::jinit_d_main_controller,mibench,jpeg,consumer/jpeg/jpeg-6a/jdmainct.c,jinit_d_main_controller,data/ir/mibench/jpeg/jinit_d_main_controller__85a426e383.ll,a95f07206fa40863,88,default,False
mibench/consumer/jpeg/jpeg-6a/jdmainct.c::start_pass_main,mibench,jpeg,consumer/jpeg/jpeg-6a/jdmainct.c,start_pass_main,data/ir/mibench/jpeg/start_pass_main__3ae226ea68.ll,9f56b1137e94ce2c,44,default,False
mibench/consumer/jpeg/jpeg-6a/jdmainct.c::set_bottom_pointers,mibench,jpeg,consumer/jpeg/jpeg-6a/jdmainct.c,set_bottom_pointers,data/ir/mibench/jpeg/set_bottom_pointers__103fdd02a1.ll,68b69421c5d4f8ac,64,default,False
mibench/consumer/jpeg/jpeg-6a/jdmarker.c::read_markers,mibench,jpeg,consumer/jpeg/jpeg-6a/jdmarker.c,read_markers,data/ir/mibench/jpeg/read_markers__f99f4ed0c8.ll,3f492bd05f1d2ab6,173,default,False
mibench/consumer/jpeg/jpeg-6a/jdmarker.c::read_restart_marker,mibench,jpeg,consumer/jpeg/jpeg-6a/jdmarker.c,read_restart_marker,data/ir/mibench/jpeg/read_restart_marker__380dc18694.ll,5533dd6ba653551b,65,default,False
mibench/consumer/jpeg/jpeg-6a/jdmarker.c::get_soi,mibench,jpeg,consumer/jpeg/jpeg-6a/jdmarker.c,get_soi,data/ir/mibench/jpeg/get_soi__194938c8d5.ll,a8dfd7831e9dc8ce,67,default,False
mibench/consumer/jpeg/jpeg-6a/jdmarker.c::get_dri,mibench,jpeg,consumer/jpeg/jpeg-6a/jdmarker.c,get_dri,data/ir/mibench/jpeg/get_dri__00cefe707d.ll,308983b82a611560,126,default,False
mibench/consumer/jpeg/jpeg-6a/jdmerge.c::h2v2_merged_upsample,mibench,jpeg,consumer/jpeg/jpeg-6a/jdmerge.c,h2v2_merged_upsample,data/ir/mibench/jpeg/h2v2_merged_upsample__40cdb2d4f6.ll,ec8dfd54f37906b1,230,default,False
mibench/consumer/jpeg/jpeg-6a/jdmerge.c::h2v1_merged_upsample,mibench,jpeg,consumer/jpeg/jpeg-6a/jdmerge.c,h2v1_merged_upsample,data/ir/mibench/jpeg/h2v1_merged_upsample__f9f837d08d.ll,532dac438f8bf2d6,154,default,False
mibench/consumer/jpeg/jpeg-6a/jdphuff.c::decode_mcu_DC_refine,mibench,jpeg,consumer/jpeg/jpeg-6a/jdphuff.c,decode_mcu_DC_refine,data/ir/mibench/jpeg/decode_mcu_DC_refine__29827a88a6.ll,73d097a9b5b5eb3c,118,default,False
mibench/consumer/jpeg/jpeg-6a/jdphuff.c::process_restart,mibench,jpeg,consumer/jpeg/jpeg-6a/jdphuff.c,process_restart,data/ir/mibench/jpeg/process_restart__3b25ea32a8.ll,c6f7b359c75c30ef,50,default,False
mibench/consumer/jpeg/jpeg-6a/jdsample.c::sep_upsample,mibench,jpeg,consumer/jpeg/jpeg-6a/jdsample.c,sep_upsample,data/ir/mibench/jpeg/sep_upsample__e53ba118ce.ll,5ac3810d8a3cea4a,97,default,False
mibench/consumer/jpeg/jpeg-6a/jdsample.c::h2v1_upsample,mibench,jpeg,consumer/jpeg/jpeg-6a/jdsample.c,h2v1_upsample,data/ir/mibench/jpeg/h2v1_upsample__127f115c45.ll,561b342864cec565,33,default,False
mibench/consumer/jpeg/jpeg-6a/jdsample.c::h2v2_fancy_upsample,mibench,jpeg,consumer/jpeg/jpeg-6a/jdsample.c,h2v2_fancy_upsample,data/ir/mibench/jpeg/h2v2_fancy_upsample__296b6b5444.ll,1a9e65233cc27e9e,118,default,False
mibench/consumer/jpeg/jpeg-6a/jdtrans.c::transdecode_master_selection,mibench,jpeg,consumer/jpeg/jpeg-6a/jdtrans.c,transdecode_master_selection,data/ir/mibench/jpeg/transdecode_master_selection__d0655e5b8f.ll,1006ab5caee1716e,83,default,False
mibench/consumer/jpeg/jpeg-6a/jerror.c::format_message,mibench,jpeg,consumer/jpeg/jpeg-6a/jerror.c,format_message,data/ir/mibench/jpeg/format_message__5ed5bb0375.ll,8a2f0cd645201044,103,default,False
mibench/consumer/jpeg/jpeg-6a/jidctfst.c::jpeg_idct_ifast,mibench,jpeg,consumer/jpeg/jpeg-6a/jidctfst.c,jpeg_idct_ifast,data/ir/mibench/jpeg/jpeg_idct_ifast__519a710334.ll,9f96edb53e73c1c4,392,default,False
mibench/consumer/jpeg/jpeg-6a/jidctint.c::jpeg_idct_islow,mibench,jpeg,consumer/jpeg/jpeg-6a/jidctint.c,jpeg_idct_islow,data/ir/mibench/jpeg/jpeg_idct_islow__2fffc11bb6.ll,99b432d76e02ae86,436,default,False
mibench/consumer/jpeg/jpeg-6a/jidctred.c::jpeg_idct_2x2,mibench,jpeg,consumer/jpeg/jpeg-6a/jidctred.c,jpeg_idct_2x2,data/ir/mibench/jpeg/jpeg_idct_2x2__f2ff6084ea.ll,9bca3bd14c16aee5,200,default,False
mibench/consumer/jpeg/jpeg-6a/jmemansi.c::jpeg_open_backing_store,mibench,jpeg,consumer/jpeg/jpeg-6a/jmemansi.c,jpeg_open_backing_store,data/ir/mibench/jpeg/jpeg_open_backing_store__8a429bc0cf.ll,b029469b938998db,27,default,False
mibench/consumer/jpeg/jpeg-6a/jmemmgr.c::alloc_large,mibench,jpeg,consumer/jpeg/jpeg-6a/jmemmgr.c,alloc_large,data/ir/mibench/jpeg/alloc_large__b347af6a5c.ll,44b367012607e188,59,default,False
mibench/consumer/jpeg/jpeg-6a/jmemmgr.c::alloc_barray,mibench,jpeg,consumer/jpeg/jpeg-6a/jmemmgr.c,alloc_barray,data/ir/mibench/jpeg/alloc_barray__a08fec6492.ll,12627dd38bbe7344,63,default,False
mibench/consumer/jpeg/jpeg-6a/jmemmgr.c::self_destruct,mibench,jpeg,consumer/jpeg/jpeg-6a/jmemmgr.c,self_destruct,data/ir/mibench/jpeg/self_destruct__81f50dca6a.ll,7c70544c2d249842,15,default,False
mibench/consumer/jpeg/jpeg-6a/jmemnobs.c::jpeg_open_backing_store,mibench,jpeg,consumer/jpeg/jpeg-6a/jmemnobs.c,jpeg_open_backing_store,data/ir/mibench/jpeg/jpeg_open_backing_store__abc12c7b43.ll,7e59dee39e19257d,10,default,False
mibench/consumer/jpeg/jpeg-6a/jpegtran.c::parse_switches,mibench,jpeg,consumer/jpeg/jpeg-6a/jpegtran.c,parse_switches,data/ir/mibench/jpeg/parse_switches__65b9af84ad.ll,4d8bb8e7a956d3e4,226,default,False
mibench/consumer/jpeg/jpeg-6a/jquant1.c::jinit_1pass_quantizer,mibench,jpeg,consumer/jpeg/jpeg-6a/jquant1.c,jinit_1pass_quantizer,data/ir/mibench/jpeg/jinit_1pass_quantizer__6ef4703e7e.ll,2f560e5a479a7a93,69,default,False
mibench/consumer/jpeg/jpeg-6a/jquant1.c::color_quantize,mibench,jpeg,consumer/jpeg/jpeg-6a/jquant1.c,color_quantize,data/ir/mibench/jpeg/color_quantize__fa60964f33.ll,8b87e441226c938c,54,default,False
mibench/consumer/jpeg/jpeg-6a/jquant1.c::select_ncolors,mibench,jpeg,consumer/jpeg/jpeg-6a/jquant1.c,select_ncolors,data/ir/mibench/jpeg/select_ncolors__db46026038.ll,1647e9a8ed3fee65,99,default,False
mibench/consumer/jpeg/jpeg-6a/jquant2.c::init_error_limit,mibench,jpeg,consumer/jpeg/jpeg-6a/jquant2.c,init_error_limit,data/ir/mibench/jpeg/init_error_limit__c4ec780e57.ll,cdb6a5fe5149fd8e,64,default,False
mibench/consumer/jpeg/jpeg-6a/jquant2.c::pass2_fs_dither,mibench,jpeg,consumer/jpeg/jpeg-6a/jquant2.c,pass2_fs_dither,data/ir/mibench/jpeg/pass2_fs_dither__c27bbfa221.ll,d9e4997e725ae097,223,default,False
mibench/consumer/jpeg/jpeg-6a/jquant2.c::update_box,mibench,jpeg,consumer/jpeg/jpeg-6a/jquant2.c,update_box,data/ir/mibench/jpeg/update_box__86fd6813a3.ll,9c8608bd8a0bdded,330,default,False
mibench/consumer/jpeg/jpeg-6a/jquant2.c::compute_color,mibench,jpeg,consumer/jpeg/jpeg-6a/jquant2.c,compute_color,data/ir/mibench/jpeg/compute_color__452a79876d.ll,55ff1dda194b17ff,117,default,False
mibench/consumer/jpeg/jpeg-6a/rdbmp.c::start_input_bmp,mibench,jpeg,consumer/jpeg/jpeg-6a/rdbmp.c,start_input_bmp,data/ir/mibench/jpeg/start_input_bmp__2798d00de6.ll,0bbe2cee18dc10a2,627,default,False
mibench/consumer/jpeg/jpeg-6a/rdcolmap.c::read_ppm_map,mibench,jpeg,consumer/jpeg/jpeg-6a/rdcolmap.c,read_ppm_map,data/ir/mibench/jpeg/read_ppm_map__e9f23bb30a.ll,969c204e68bdc187,98,default,False
mibench/consumer/jpeg/jpeg-6a/rdcolmap.c::read_pbm_integer,mibench,jpeg,consumer/jpeg/jpeg-6a/rdcolmap.c,read_pbm_integer,data/ir/mibench/jpeg/read_pbm_integer__f627be56b9.ll,f16772aa0a162fca,54,default,False
mibench/consumer/jpeg/jpeg-6a/rdjpgcom.c::skip_variable,mibench,jpeg,consumer/jpeg/jpeg-6a/rdjpgcom.c,skip_variable,data/ir/mibench/jpeg/skip_variable__5c8f7a1df7.ll,358ec01f9780c1a8,16,default,False
mibench/consumer/jpeg/jpeg-6a/rdjpgcom.c::process_COM,mibench,jpeg,consumer/jpeg/jpeg-6a/rdjpgcom.c,process_COM,data/ir/mibench/jpeg/process_COM__a9533c6173.ll,d078592c44becc9f,50,default,False
mibench/consumer/jpeg/jpeg-6a/rdppm.c::jinit_read_ppm,mibench,jpeg,consumer/jpeg/jpeg-6a/rdppm.c,jinit_read_ppm,data/ir/mibench/jpeg/jinit_read_ppm__b5f9e95c48.ll,036f5bbe44620374,12,default,False
mibench/consumer/jpeg/jpeg-6a/rdppm.c::start_input_ppm,mibench,jpeg,consumer/jpeg/jpeg-6a/rdppm.c,start_input_ppm,data/ir/mibench/jpeg/start_input_ppm__b294b8321b.ll,20adad0ba54b5d6f,297,default,False
mibench/consumer/jpeg/jpeg-6a/rdppm.c::get_text_gray_row,mibench,jpeg,consumer/jpeg/jpeg-6a/rdppm.c,get_text_gray_row,data/ir/mibench/jpeg/get_text_gray_row__6031390bb9.ll,afef00309cd8cff2,27,default,False
mibench/consumer/jpeg/jpeg-6a/rdppm.c::get_scaled_gray_row,mibench,jpeg,consumer/jpeg/jpeg-6a/rdppm.c,get_scaled_gray_row,data/ir/mibench/jpeg/get_scaled_gray_row__5f767eb360.ll,facf667588f54e0f,51,default,False
mibench/consumer/jpeg/jpeg-6a/rdswitch.c::read_scan_script,mibench,jpeg,consumer/jpeg/jpeg-6a/rdswitch.c,read_scan_script,data/ir/mibench/jpeg/read_scan_script__560d3018fc.ll,f240890eb25ba212,149,default,False
mibench/consumer/jpeg/jpeg-6a/rdswitch.c::set_quant_slots,mibench,jpeg,consumer/jpeg/jpeg-6a/rdswitch.c,set_quant_slots,data/ir/mibench/jpeg/set_quant_slots__2b8a43bbdd.ll,31adb7df357cdcca,68,default,False
mibench/consumer/jpeg/jpeg-6a/rdtarga.c::start_input_tga,mibench,jpeg,consumer/jpeg/jpeg-6a/rdtarga.c,start_input_tga,data/ir/mibench/jpeg/start_input_tga__717aee88c0.ll,0ff5c1d2c13e57fd,363,default,False
mibench/consumer/jpeg/jpeg-6a/rdtarga.c::read_rle_pixel,mibench,jpeg,consumer/jpeg/jpeg-6a/rdtarga.c,read_rle_pixel,data/ir/mibench/jpeg/read_rle_pixel__1d3f118d14.ll,96ca667242d34b4a,49,default,False
mibench/consumer/jpeg/jpeg-6a/wrbmp.c::put_gray_rows,mibench,jpeg,consumer/jpeg/jpeg-6a/wrbmp.c,put_gray_rows,data/ir/mibench/jpeg/put_gray_rows__6f5e6267b1.ll,47c8ee805870d8ae,47,default,False
mibench/consumer/jpeg/jpeg-6a/wrbmp.c::write_colormap,mibench,jpeg,consumer/jpeg/jpeg-6a/wrbmp.c,write_colormap,data/ir/mibench/jpeg/write_colormap__bdd6939c7d.ll,d114c82b8b7eea67,129,default,False
mibench/consumer/jpeg/jpeg-6a/wrgif.c::start_output_gif,mibench,jpeg,consumer/jpeg/jpeg-6a/wrgif.c,start_output_gif,data/ir/mibench/jpeg/start_output_gif__ee57565588.ll,6c2a423ee5499e58,13,default,False
mibench/consumer/jpeg/jpeg-6a/wrgif.c::compress_byte,mibench,jpeg,consumer/jpeg/jpeg-6a/wrgif.c,compress_byte,data/ir/mibench/jpeg/compress_byte__cf187950b5.ll,2a146218c2b1ed97,120,default,False
mibench/consumer/jpeg/jpeg-6a/wrgif.c::compress_term,mibench,jpeg,consumer/jpeg/jpeg-6a/wrgif.c,compress_term,data/ir/mibench/jpeg/compress_term__bc50ae1891.ll,97b5127f26f1fbab,36,default,False
mibench/consumer/jpeg/jpeg-6a/wrjpgcom.c::main,mibench,jpeg,consumer/jpeg/jpeg-6a/wrjpgcom.c,main,data/ir/mibench/jpeg/main__1db13aa901.ll,f24bb3b8518b2271,249,default,False
mibench/consumer/jpeg/jpeg-6a/wrjpgcom.c::first_marker,mibench,jpeg,consumer/jpeg/jpeg-6a/wrjpgcom.c,first_marker,data/ir/mibench/jpeg/first_marker__5bea1b0430.ll,2853afdbd2bf667e,13,default,False
mibench/consumer/jpeg/jpeg-6a/wrppm.c::finish_output_ppm,mibench,jpeg,consumer/jpeg/jpeg-6a/wrppm.c,finish_output_ppm,data/ir/mibench/jpeg/finish_output_ppm__3316b9a71d.ll,f72abee7d67f4e6d,19,default,False
mibench/consumer/jpeg/jpeg-6a/wrppm.c::copy_pixel_rows,mibench,jpeg,consumer/jpeg/jpeg-6a/wrppm.c,copy_pixel_rows,data/ir/mibench/jpeg/copy_pixel_rows__0c0899a15d.ll,fb5199a362ff9e76,33,default,False
mibench/consumer/jpeg/jpeg-6a/wrtarga.c::write_header,mibench,jpeg,consumer/jpeg/jpeg-6a/wrtarga.c,write_header,data/ir/mibench/jpeg/write_header__ca5da56f57.ll,c57d0f56b8ae64f6,83,default,False
mibench/consumer/lame/lame3.70/VbrTag.c::AddVbrFrame,mibench,lame,consumer/lame/lame3.70/VbrTag.c,AddVbrFrame,data/ir/mibench/lame/AddVbrFrame__e13185c6c1.ll,63c1c3286651fdb0,35,default,False
mibench/consumer/lame/lame3.70/VbrTag.c::CheckVbrTag,mibench,lame,consumer/lame/lame3.70/VbrTag.c,CheckVbrTag,data/ir/mibench/lame/CheckVbrTag__bbcb337251.ll,e55a1d715d4216cf,69,default,False
mibench/consumer/lame/lame3.70/VbrTag.c::GetVbrTag,mibench,lame,consumer/lame/lame3.70/VbrTag.c,GetVbrTag,data/ir/mibench/lame/GetVbrTag__375f0ffb14.ll,a19443671b2446a7,143,default,False
mibench/consumer/lame/lame3.70/VbrTag.c::ExtractI4,mibench,lame,consumer/lame/lame3.70/VbrTag.c,ExtractI4,data/ir/mibench/lame/ExtractI4__b5d4e00ea9.ll,3d05aba63f84edc2,19,default,False
mibench/consumer/lame/lame3.70/fft.c::fft_long,mibench,lame,consumer/lame/lame3.70/fft.c,fft_long,data/ir/mibench/lame/fft_long__73bd94dcb1.ll,2a0ca411521f2f12,657,default,False
mibench/consumer/lame/lame3.70/formatBitstream.c::main_data,mibench,lame,consumer/lame/lame3.70/formatBitstream.c,main_data,data/ir/mibench/lame/main_data__89eef079b3.ll,43c818a57d86059a,51,default,False
mibench/consumer/lame/lame3.70/formatBitstream.c::side_queue_elements,mibench,lame,consumer/lame/lame3.70/formatBitstream.c,side_queue_elements,data/ir/mibench/lame/side_queue_elements__e1b5bf18ee.ll,63170dc43713173b,26,default,False
mibench/consumer/lame/lame3.70/formatBitstream.c::WriteMainDataBits,mibench,lame,consumer/lame/lame3.70/formatBitstream.c,WriteMainDataBits,data/ir/mibench/lame/WriteMainDataBits__9e2e5fcf48.ll,468c6a9569e5b4db,69,default,False
mibench/consumer/lame/lame3.70/formatBitstream.c::BF_PartLength,mibench,lame,consumer/lame/lame3.70/formatBitstream.c,BF_PartLength,data/ir/mibench/lame/BF_PartLength__6cb771cce8.ll,2161f7c3f703fed9,19,default,False
mibench/consumer/lame/lame3.70/formatBitstream.c::BF_newPartHolder,mibench,lame,consumer/lame/lame3.70/formatBitstream.c,BF_newPartHolder,data/ir/mibench/lame/BF_newPartHolder__a4c50e8ef2.ll,c6ce8b776279b302,41,default,False
mibench/consumer/lame/lame3.70/formatBitstream.c::BF_LoadHolderFromBitstreamPart,mibench,lame,consumer/lame/lame3.70/formatBitstream.c,BF_LoadHolderFromBitstreamPart,data/ir/mibench/lame/BF_LoadHolderFromBitstreamPart__53533cbf6f.ll,04cf0ce4255dd187,20,default,False
mibench/consumer/lame/lame3.70/formatBitstream.c::BF_addElement,mibench,lame,consumer/lame/lame3.70/formatBitstream.c,BF_addElement,data/ir/mibench/lame/BF_addElement__660afc3fe8.ll,b98495b44db07bb6,27,default,False
mibench/consumer/lame/lame3.70/formatBitstream.c::BF_addEntry,mibench,lame,consumer/lame/lame3.70/formatBitstream.c,BF_addEntry,data/ir/mibench/lame/BF_addEntry__2b62ab837d.ll,a04d9214c821c0f9,13,default,False
mibench/consumer/lame/lame3.70/formatBitstream.c::writePartMainData,mibench,lame,consumer/lame/lame3.70/formatBitstream.c,writePartMainData,data/ir/mibench/lame/writePartMainData__96b07295db.ll,5eec790f49c915d1,35,default,False
mibench/consumer/lame/lame3.70/formatBitstream.c::write_side_info,mibench,lame,consumer/lame/lame3.70/formatBitstream.c,write_side_info,data/ir/mibench/lame/write_side_info__21ca68265a.ll,d7e9932c68f4fa18,65,default,False
mibench/consumer/lame/lame3.70/formatBitstream.c::get_side_info,mibench,lame,consumer/lame/lame3.70/formatBitstream.c,get_side_info,data/ir/mibench/lame/get_side_info__41aaccace8.ll,5afeb21e2b700a37,15,default,False
mibench/consumer/lame/lame3.70/id3tag.c::id3_inittag,mibench,lame,consumer/lame/lame3.70/id3tag.c,id3_inittag,data/ir/mibench/lame/id3_inittag__0eb0a036ec.ll,99a92d91036e909d,23,default,False
mibench/consumer/lame/lame3.70/id3tag.c::id3_buildtag,mibench,lame,consumer/lame/lame3.70/id3tag.c,id3_buildtag,data/ir/mibench/lame/id3_buildtag__c748f7e859.ll,2e6dc3fed50faca9,68,default,False
mibench/consumer/lame/lame3.70/id3tag.c::id3_pad,mibench,lame,consumer/lame/lame3.70/id3tag.c,id3_pad,data/ir/mibench/lame/id3_pad__09d264f44d.ll,489b7644646b4a4b,15,default,False
mibench/consumer/lame/lame3.70/id3tag.c::id3_writetag,mibench,lame,consumer/lame/lame3.70/id3tag.c,id3_writetag,data/ir/mibench/lame/id3_writetag__6444736899.ll,ac78d7e957bf8274,17,default,False
mibench/consumer/lame/lame3.70/ieeefloat.c::ConvertToIeeeDouble,mibench,lame,consumer/lame/lame3.70/ieeefloat.c,ConvertToIeeeDouble,data/ir/mibench/lame/ConvertToIeeeDouble__e3353d1e12.ll,c37c11c19bba57fe,115,default,False
mibench/consumer/lame/lame3.70/ieeefloat.c::ConvertFromIeeeExtended,mibench,lame,consumer/lame/lame3.70/ieeefloat.c,ConvertFromIeeeExtended,data/ir/mibench/lame/ConvertFromIeeeExtended__2c1d5f27b6.ll,1b9eabe8ae8d853b,104,default,False
mibench/consumer/lame/lame3.70/ieeefloat.c::ConvertToIeeeExtended,mibench,lame,consumer/lame/lame3.70/ieeefloat.c,ConvertToIeeeExtended,data/ir/mibench/lame/ConvertToIeeeExtended__72ea25a853.ll,d5a17293ddae534b,94,default,False
mibench/consumer/lame/lame3.70/l3bitstream.c::encodeMainData,mibench,lame,consumer/lame/lame3.70/l3bitstream.c,encodeMainData,data/ir/mibench/lame/encodeMainData__99a9b119cf.ll,84f231be5db576cc,407,default,False
mibench/consumer/lame/lame3.70/l3bitstream.c::abs_and_sign,mibench,lame,consumer/lame/lame3.70/l3bitstream.c,abs_and_sign,data/ir/mibench/lame/abs_and_sign__3774ce212d.ll,d4d5743c10d07aea,10,default,False
mibench/consumer/lame/lame3.70/l3bitstream.c::L3_huffman_coder_count1,mibench,lame,consumer/lame/lame3.70/l3bitstream.c,L3_huffman_coder_count1,data/ir/mibench/lame/L3_huffman_coder_count1__b247fbc154.ll,fde9dd2302e81b8a,76,default,False
mibench/consumer/lame/lame3.70/l3bitstream.c::HuffmanCode,mibench,lame,consumer/lame/lame3.70/l3bitstream.c,HuffmanCode,data/ir/mibench/lame/HuffmanCode__e0a71abebb.ll,ba6725052385ad34,182,default,False
mibench/consumer/lame/lame3.70/l3bitstream.c::Huffmancodebits,mibench,lame,consumer/lame/lame3.70/l3bitstream.c,Huffmancodebits,data/ir/mibench/lame/Huffmancodebits__7b8ed45351.ll,afe21d3ed2f5d184,267,default,False
mibench/consumer/lame/lame3.70/l3bitstream.c::CRC_BF_addEntry,mibench,lame,consumer/lame/lame3.70/l3bitstream.c,CRC_BF_addEntry,data/ir/mibench/lame/CRC_BF_addEntry__c6eca7409c.ll,e5965c8e0fe410bc,31,default,False
mibench/consumer/lame/lame3.70/lame.c::lame_init_params,mibench,lame,consumer/lame/lame3.70/lame.c,lame_init_params,data/ir/mibench/lame/lame_init_params__6f8a91a8fb.ll,f9a50c7e3f571a07,1017,default,False
mibench/consumer/lame/lame3.70/lame.c::lame_encode_frame,mibench,lame,consumer/lame/lame3.70/lame.c,lame_encode_frame,data/ir/mibench/lame/lame_encode_frame__66fa993b32.ll,42dd1f7ea053c403,421,default,False
mibench/consumer/lame/lame3.70/lame.c::fill_buffer_resample,mibench,lame,consumer/lame/lame3.70/lame.c,fill_buffer_resample,data/ir/mibench/lame/fill_buffer_resample__73ef6aaff5.ll,1d04403c7a5f5449,245,default,False
mibench/consumer/lame/lame3.70/lame.c::lame_encode_buffer,mibench,lame,consumer/lame/lame3.70/lame.c,lame_encode_buffer,data/ir/mibench/lame/lame_encode_buffer__fab9145513.ll,d85678cc3d3a0989,205,default,False
mibench/consumer/lame/lame3.70/lame.c::lame_encode_buffer_interleaved,mibench,lame,consumer/lame/lame3.70/lame.c,lame_encode_buffer_interleaved,data/ir/mibench/lame/lame_encode_buffer_interleaved__d929654360.ll,6a08d5d2355ba9eb,234,default,False
mibench/consumer/lame/lame3.70/lame.c::lame_encode,mibench,lame,consumer/lame/lame3.70/lame.c,lame_encode,data/ir/mibench/lame/lame_encode__69480d7592.ll,b8078c297d376301,11,default,False
mibench/consumer/lame/lame3.70/lame.c::lame_init,mibench,lame,consumer/lame/lame3.70/lame.c,lame_init,data/ir/mibench/lame/lame_init__ecc24425f6.ll,7cc2e8a7e20e3a53,108,default,False
mibench/consumer/lame/lame3.70/lame.c::lame_encode_finish,mibench,lame,consumer/lame/lame3.70/lame.c,lame_encode_finish,data/ir/mibench/lame/lame_encode_finish__24dd9dcc20.ll,8a3c2e6a52c75884,71,default,False
mibench/consumer/lame/lame3.70/lame.c::lame_mp3_tags,mibench,lame,consumer/lame/lame3.70/lame.c,lame_mp3_tags,data/ir/mibench/lame/lame_mp3_tags__91807da91c.ll,1b5d0dfeaff38b6c,24,default,False
mibench/consumer/lame/lame3.70/mp3rtp.c::rtp_output,mibench,lame,consumer/lame/lame3.70/mp3rtp.c,rtp_output,data/ir/mibench/lame/rtp_output__88c467efbf.ll,a8228f21a7271853,17,default,False
mibench/consumer/lame/lame3.70/mp3rtp.c::main,mibench,lame,consumer/lame/lame3.70/mp3rtp.c,main,data/ir/mibench/lame/main__afc1749b3e.ll,6a89c7e54e5ad4c8,110,default,False
mibench/consumer/lame/lame3.70/newmdct.c::mdct_sub48,mibench,lame,consumer/lame/lame3.70/newmdct.c,mdct_sub48,data/ir/mibench/lame/mdct_sub48__53bb231b4b.ll,f6b0c83727c7da41,522,default,False
mibench/consumer/lame/lame3.70/newmdct.c::mdct_init48,mibench,lame,consumer/lame/lame3.70/newmdct.c,mdct_init48,data/ir/mibench/lame/mdct_init48__719ff4e2b5.ll,92ab7443540e7e14,522,default,False
mibench/consumer/lame/lame3.70/newmdct.c::window_subband,mibench,lame,consumer/lame/lame3.70/newmdct.c,window_subband,data/ir/mibench/lame/window_subband__d527edcd32.ll,17542d8c21a60cbf,398,default,False
mibench/consumer/lame/lame3.70/newmdct.c::mdct_short,mibench,lame,consumer/lame/lame3.70/newmdct.c,mdct_short,data/ir/mibench/lame/mdct_short__dcadca717c.ll,e7fca31483687a80,79,default,False
mibench/consumer/lame/lame3.70/newmdct.c::mdct_long,mibench,lame,consumer/lame/lame3.70/newmdct.c,mdct_long,data/ir/mibench/lame/mdct_long__9186ea879c.ll,b047e692c3f9f163,257,default,False
mibench/consumer/lame/lame3.70/portableio.c::Read16BitsHighLow,mibench,lame,consumer/lame/lame3.70/portableio.c,Read16BitsHighLow,data/ir/mibench/lame/Read16BitsHighLow__f645899f45.ll,2ab413923775a557,13,default,False
mibench/consumer/lame/lame3.70/portableio.c::Read24BitsHighLow,mibench,lame,consumer/lame/lame3.70/portableio.c,Read24BitsHighLow,data/ir/mibench/lame/Read24BitsHighLow__f448cd110d.ll,5efaed88c143df8a,17,default,False
mibench/consumer/lame/lame3.70/portableio.c::Write32Bits,mibench,lame,consumer/lame/lame3.70/portableio.c,Write32Bits,data/ir/mibench/lame/Write32Bits__4c0b0e8529.ll,e775ca78328b1f8f,10,default,False
mibench/consumer/lame/lame3.70/portableio.c::ReadBytes,mibench,lame,consumer/lame/lame3.70/portableio.c,ReadBytes,data/ir/mibench/lame/ReadBytes__7501c82348.ll,00805bdc379de077,19,default,False
mibench/consumer/lame/lame3.70/portableio.c::ReadBytesSwapped,mibench,lame,consumer/lame/lame3.70/portableio.c,ReadBytesSwapped,data/ir/mibench/lame/ReadBytesSwapped__9c478ad636.ll,46eb5e2404b70139,35,default,False
mibench/consumer/lame/lame3.70/portableio.c::WriteBytesSwapped,mibench,lame,consumer/lame/lame3.70/portableio.c,WriteBytesSwapped,data/ir/mibench/lame/WriteBytesSwapped__5915c75a4a.ll,3aee4eac9d7b0ac1,15,default,False
mibench/consumer/lame/lame3.70/psymodel.c::L3psycho_anal,mibench,lame,consumer/lame/lame3.70/psymodel.c,L3psycho_anal,data/ir/mibench/lame/L3psycho_anal__3f08e6397e.ll,ace63cbb19f221c9,2249,default,False
mibench/consumer/lame/lame3.70/quantize-pvt.c::iteration_init,mibench,lame,consumer/lame/lame3.70/quantize-pvt.c,iteration_init,data/ir/mibench/lame/iteration_init__d7925f5c6c.ll,a9051134c1e15186,207,default,False
mibench/consumer/lame/lame3.70/quantize-pvt.c::compute_ath,mibench,lame,consumer/lame/lame3.70/quantize-pvt.c,compute_ath,data/ir/mibench/lame/compute_ath__7774bfc971.ll,828d6504df4cedef,89,default,False
mibench/consumer/lame/lame3.70/quantize-pvt.c::ATHformula,mibench,lame,consumer/lame/lame3.70/quantize-pvt.c,ATHformula,data/ir/mibench/lame/ATHformula__25e3993e5e.ll,91933eb83bdb1ffd,27,default,False
mibench/consumer/lame/lame3.70/quantize-pvt.c::ms_convert,mibench,lame,consumer/lame/lame3.70/quantize-pvt.c,ms_convert,data/ir/mibench/lame/ms_convert__ea6edc93c1.ll,20911ab9ee8a0509,28,default,False
mibench/consumer/lame/lame3.70/quantize-pvt.c::on_pe,mibench,lame,consumer/lame/lame3.70/quantize-pvt.c,on_pe,data/ir/mibench/lame/on_pe__097c49d4f7.ll,34b48bcb690f2ebb,112,default,False
mibench/consumer/lame/lame3.70/quantize-pvt.c::scale_bitcount,mibench,lame,consumer/lame/lame3.70/quantize-pvt.c,scale_bitcount,data/ir/mibench/lame/scale_bitcount__427963a790.ll,f464993bdd8e071e,186,default,False
mibench/consumer/lame/lame3.70/quantize-pvt.c::scale_bitcount_lsf,mibench,lame,consumer/lame/lame3.70/quantize-pvt.c,scale_bitcount_lsf,data/ir/mibench/lame/scale_bitcount_lsf__5b3d3cd264.ll,2c775fcd3a65ad51,243,default,False
mibench/consumer/lame/lame3.70/quantize-pvt.c::calc_xmin,mibench,lame,consumer/lame/lame3.70/quantize-pvt.c,calc_xmin,data/ir/mibench/lame/calc_xmin__5703946ca1.ll,57e8c202b0ffd81c,218,default,False
mibench/consumer/lame/lame3.70/quantize-pvt.c::loop_break,mibench,lame,consumer/lame/lame3.70/quantize-pvt.c,loop_break,data/ir/mibench/lame/loop_break__abf8b5bd0d.ll,c66173868c8a9cc2,44,default,False
mibench/consumer/lame/lame3.70/quantize-pvt.c::bin_search_StepSize2,mibench,lame,consumer/lame/lame3.70/quantize-pvt.c,bin_search_StepSize2,data/ir/mibench/lame/bin_search_StepSize2__bd4257cb94.ll,d000ca2a7df6b32e,70,default,False
mibench/consumer/lame/lame3.70/quantize-pvt.c::quantize_xrpow,mibench,lame,consumer/lame/lame3.70/quantize-pvt.c,quantize_xrpow,data/ir/mibench/lame/quantize_xrpow__c8441e1eb3.ll,b4a4af9d78c90047,103,default,False
mibench/consumer/lame/lame3.70/quantize-pvt.c::quantize_xrpow_ISO,mibench,lame,consumer/lame/lame3.70/quantize-pvt.c,quantize_xrpow_ISO,data/ir/mibench/lame/quantize_xrpow_ISO__352b25ef38.ll,e1f527a1f0c4dab8,32,default,False
mibench/consumer/lame/lame3.70/quantize.c::iteration_loop,mibench,lame,consumer/lame/lame3.70/quantize.c,iteration_loop,data/ir/mibench/lame/iteration_loop__745ea8bc1e.ll,1d2a2e74ac7ad321,179,default,False
mibench/consumer/lame/lame3.70/quantize.c::init_outer_loop,mibench,lame,consumer/lame/lame3.70/quantize.c,init_outer_loop,data/ir/mibench/lame/init_outer_loop__d23b0faa33.ll,c6fc9268efb37a6b,214,default,False
mibench/consumer/lame/lame3.70/quantize.c::outer_loop,mibench,lame,consumer/lame/lame3.70/quantize.c,outer_loop,data/ir/mibench/lame/outer_loop__2be917cb5c.ll,cfbc574491f60a59,213,default,False
mibench/consumer/lame/lame3.70/quantize.c::set_masking_lower,mibench,lame,consumer/lame/lame3.70/quantize.c,set_masking_lower,data/ir/mibench/lame/set_masking_lower__a341cc2a56.ll,648cb1d2b3f377a1,16,default,False
mibench/consumer/lame/lame3.70/quantize.c::VBR_compare,mibench,lame,consumer/lame/lame3.70/quantize.c,VBR_compare,data/ir/mibench/lame/VBR_compare__d508acc74c.ll,8aada6f1dc134fe8,11,default,False
mibench/consumer/lame/lame3.70/quantize.c::calc_noise1,mibench,lame,consumer/lame/lame3.70/quantize.c,calc_noise1,data/ir/mibench/lame/calc_noise1__58d4287695.ll,567eed8728bea2dc,299,default,False
mibench/consumer/lame/lame3.70/quantize.c::amp_scalefac_bands,mibench,lame,consumer/lame/lame3.70/quantize.c,amp_scalefac_bands,data/ir/mibench/lame/amp_scalefac_bands__3ceb073c28.ll,01ca8d27dc72581c,168,default,False
mibench/consumer/lame/lame3.70/reservoir.c::ResvMaxBits,mibench,lame,consumer/lame/lame3.70/reservoir.c,ResvMaxBits,data/ir/mibench/lame/ResvMaxBits__1be2349042.ll,76f6dca4cb12c0df,47,default,False
mibench/consumer/lame/lame3.70/reservoir.c::ResvAdjust,mibench,lame,consumer/lame/lame3.70/reservoir.c,ResvAdjust,data/ir/mibench/lame/ResvAdjust__81939782d9.ll,bcc4577b3ad7f5dc,10,default,False
mibench/consumer/lame/lame3.70/reservoir.c::ResvFrameEnd,mibench,lame,consumer/lame/lame3.70/reservoir.c,ResvFrameEnd,data/ir/mibench/lame/ResvFrameEnd__06f17a21aa.ll,44b48cf8abd1f672,34,default,False
mibench/consumer/lame/lame3.70/rtp.c::sendrtp,mibench,lame,consumer/lame/lame3.70/rtp.c,sendrtp,data/ir/mibench/lame/sendrtp__de783a3911.ll,d3f9b2d67847a0bd,31,default,False
mibench/consumer/lame/lame3.70/rtp.c::makesocket,mibench,lame,consumer/lame/lame3.70/rtp.c,makesocket,data/ir/mibench/lame/makesocket__2b38135fa4.ll,04a0d37380b01c00,56,default,False
mibench/consumer/lame/lame3.70/takehiro.c::count_bits,mibench,lame,consumer/lame/lame3.70/takehiro.c,count_bits,data/ir/mibench/lame/count_bits__c896d2b4fe.ll,ec11c415f4b8224f,66,default,False
mibench/consumer/lame/lame3.70/takehiro.c::choose_table_short,mibench,lame,consumer/lame/lame3.70/takehiro.c,choose_table_short,data/ir/mibench/lame/choose_table_short__68f0346883.ll,5bc2a065104f8694,86,default,False
mibench/consumer/lame/lame3.70/takehiro.c::count_bits_long,mibench,lame,consumer/lame/lame3.70/takehiro.c,count_bits_long,data/ir/mibench/lame/count_bits_long__7ddd81f418.ll,9157599736ddbc67,228,default,False
mibench/consumer/lame/lame3.70/takehiro.c::choose_table,mibench,lame,consumer/lame/lame3.70/takehiro.c,choose_table,data/ir/mibench/lame/choose_table__6467439317.ll,4ebd986d46d08a9f,86,default,False
mibench/consumer/lame/lame3.70/takehiro.c::best_scalefac_store,mibench,lame,consumer/lame/lame3.70/takehiro.c,best_scalefac_store,data/ir/mibench/lame/best_scalefac_store__41448df943.ll,3a2d2fdc8ecddb67,337,default,False
mibench/consumer/lame/lame3.70/takehiro.c::scfsi_calc,mibench,lame,consumer/lame/lame3.70/takehiro.c,scfsi_calc,data/ir/mibench/lame/scfsi_calc__b3fcad963a.ll,7fc45f9c3d9f9288,208,default,False
mibench/consumer/lame/lame3.70/takehiro.c::ix_max,mibench,lame,consumer/lame/lame3.70/takehiro.c,ix_max,data/ir/mibench/lame/ix_max__3bad4fb6c0.ll,3a9c43fd6f10ff10,19,default,False
mibench/consumer/lame/lame3.70/takehiro.c::count_bit_short_noESC,mibench,lame,consumer/lame/lame3.70/takehiro.c,count_bit_short_noESC,data/ir/mibench/lame/count_bit_short_noESC__50c702b77a.ll,46bc12bcc1ed2f9c,53,default,False
mibench/consumer/lame/lame3.70/takehiro.c::count_bit_noESC2,mibench,lame,consumer/lame/lame3.70/takehiro.c,count_bit_noESC2,data/ir/mibench/lame/count_bit_noESC2__a57e26670a.ll,cff9a7ee983fe995,20,default,False
mibench/consumer/lame/lame3.70/takehiro.c::count_bit_noESC,mibench,lame,consumer/lame/lame3.70/takehiro.c,count_bit_noESC,data/ir/mibench/lame/count_bit_noESC__d6abfed452.ll,8f337731b45f6c8a,41,default,False
mibench/consumer/lame/lame3.70/timestatus.c::ts_real_time,mibench,lame,consumer/lame/lame3.70/timestatus.c,ts_real_time,data/ir/mibench/lame/ts_real_time__cd39b4b807.ll,948322847cfda895,12,default,False
mibench/consumer/lame/lame3.70/timestatus.c::ts_process_time,mibench,lame,consumer/lame/lame3.70/timestatus.c,ts_process_time,data/ir/mibench/lame/ts_process_time__42e0920846.ll,533f27553178006b,10,default,False
mibench/consumer/lame/lame3.70/timestatus.c::timestatus,mibench,lame,consumer/lame/lame3.70/timestatus.c,timestatus,data/ir/mibench/lame/timestatus__28431bdfcc.ll,c188892acd2ebd33,146,default,False
mibench/consumer/lame/lame3.70/util.c::display_bitrates,mibench,lame,consumer/lame/lame3.70/util.c,display_bitrates,data/ir/mibench/lame/display_bitrates__92b685a70f.ll,59cf4fa9a4c23c3f,35,default,False
mibench/consumer/lame/lame3.70/util.c::BitrateIndex,mibench,lame,consumer/lame/lame3.70/util.c,BitrateIndex,data/ir/mibench/lame/BitrateIndex__4ec33ce29c.ll,c927f240cbf2d05c,30,default,False
mibench/consumer/lame/lame3.70/util.c::mem_alloc,mibench,lame,consumer/lame/lame3.70/util.c,mem_alloc,data/ir/mibench/lame/mem_alloc__8a5b3299ca.ll,2555cec2bba9cc96,10,default,False
mibench/consumer/lame/lame3.70/util.c::DetermineByteOrder,mibench,lame,consumer/lame/lame3.70/util.c,DetermineByteOrder,data/ir/mibench/lame/DetermineByteOrder__311d302a1e.ll,bc8e929d491aad85,21,default,False
mibench/consumer/lame/lame3.70/util.c::SwapBytesInWords,mibench,lame,consumer/lame/lame3.70/util.c,SwapBytesInWords,data/ir/mibench/lame/SwapBytesInWords__f5e6d8d79d.ll,a4a1aa8722f3b214,21,default,False
mibench/consumer/lame/lame3.70/util.c::empty_buffer,mibench,lame,consumer/lame/lame3.70/util.c,empty_buffer,data/ir/mibench/lame/empty_buffer__0b126f028a.ll,cbfaa39e56812520,25,default,False
mibench/consumer/lame/lame3.70/util.c::putbits,mibench,lame,consumer/lame/lame3.70/util.c,putbits,data/ir/mibench/lame/putbits__e681de9eb6.ll,e4a15555f81c6320,76,default,False
mibench/consumer/lame/lame3.70/vbrquantize.c::calc_sfb_ave_noise,mibench,lame,consumer/lame/lame3.70/vbrquantize.c,calc_sfb_ave_noise,data/ir/mibench/lame/calc_sfb_ave_noise__aeed3dc9eb.ll,ea9b589c31c3a639,54,default,False
mibench/consumer/lame/lame3.70/vbrquantize.c::find_scalefac,mibench,lame,consumer/lame/lame3.70/vbrquantize.c,find_scalefac,data/ir/mibench/lame/find_scalefac__cdcb812d4f.ll,3a89287e2d4bd776,89,default,False
mibench/consumer/lame/lame3.70/vbrquantize.c::compute_scalefacs_short,mibench,lame,consumer/lame/lame3.70/vbrquantize.c,compute_scalefacs_short,data/ir/mibench/lame/compute_scalefacs_short__20d5f89304.ll,e1f1c773c0d86141,66,default,False
mibench/consumer/lame/lame3.70/vbrquantize.c::compute_scalefacs_long,mibench,lame,consumer/lame/lame3.70/vbrquantize.c,compute_scalefacs_long,data/ir/mibench/lame/compute_scalefacs_long__04584cb03a.ll,b7bf9e765010534e,93,default,False
mibench/consumer/mad/mad-0.14.2b/audio_aiff.c::float80,mibench,mad,consumer/mad/mad-0.14.2b/audio_aiff.c,float80,data/ir/mibench/mad/float80__75784dd566.ll,c0e5a8819fbd514d,62,default,False
mibench/consumer/mad/mad-0.14.2b/audio_cdda.c::init,mibench,mad,consumer/mad/mad-0.14.2b/audio_cdda.c,init,data/ir/mibench/mad/init__1b386fe652.ll,105abbebe8e8c85f,26,legacy_c89,False
mibench/consumer/mad/mad-0.14.2b/audio_cdda.c::finish,mibench,mad,consumer/mad/mad-0.14.2b/audio_cdda.c,finish,data/ir/mibench/mad/finish__e7b394cbc0.ll,d466fbe11868047d,36,legacy_c89,False
mibench/consumer/mad/mad-0.14.2b/audio_raw.c::config,mibench,mad,consumer/mad/mad-0.14.2b/audio_raw.c,config,data/ir/mibench/mad/config__58ea4bbb44.ll,30d435413be61879,24,default,False
mibench/consumer/mad/mad-0.14.2b/audio_raw.c::finish,mibench,mad,consumer/mad/mad-0.14.2b/audio_raw.c,finish,data/ir/mibench/mad/finish__ce10052d47.ll,3968b07865f361b5,13,default,False
mibench/consumer/mad/mad-0.14.2b/audio_snd.c::init,mibench,mad,consumer/mad/mad-0.14.2b/audio_snd.c,init,data/ir/mibench/mad/init__39d8e4b9bd.ll,675ef71f1c05689d,29,default,False
mibench/consumer/mad/mad-0.14.2b/audio_snd.c::config,mibench,mad,consumer/mad/mad-0.14.2b/audio_snd.c,config,data/ir/mibench/mad/config__de132ca038.ll,9e6e9da3809b626d,54,default,False
mibench/consumer/mad/mad-0.14.2b/audio_snd.c::play,mibench,mad,consumer/mad/mad-0.14.2b/audio_snd.c,play,data/ir/mibench/mad/play__bdd579d41a.ll,09553055511a43ff,42,default,False
mibench/consumer/mad/mad-0.14.2b/audio_snd.c::finish,mibench,mad,consumer/mad/mad-0.14.2b/audio_snd.c,finish,data/ir/mibench/mad/finish__f7f01e3cd0.ll,e766d2ebd6948df8,34,default,False
mibench/consumer/mad/mad-0.14.2b/audio_wave.c::init,mibench,mad,consumer/mad/mad-0.14.2b/audio_wave.c,init,data/ir/mibench/mad/init__88846d9e4b.ll,b9c14b6db5680650,36,default,False
mibench/consumer/mad/mad-0.14.2b/audio_wave.c::play,mibench,mad,consumer/mad/mad-0.14.2b/audio_wave.c,play,data/ir/mibench/mad/play__b2455fbdfd.ll,fc5d6b7d10df41f3,35,default,False
mibench/consumer/mad/mad-0.14.2b/audio_wave.c::finish,mibench,mad,consumer/mad/mad-0.14.2b/audio_wave.c,finish,data/ir/mibench/mad/finish__b5484a67f5.ll,5138d74626b6cae6,65,default,False
mibench/consumer/mad/mad-0.14.2b/filter.c::filter_new,mibench,mad,consumer/mad/mad-0.14.2b/filter.c,filter_new,data/ir/mibench/mad/filter_new__f04962770b.ll,04287e6564a34c06,10,default,False
mibench/consumer/mad/mad-0.14.2b/intl/explodename.c::_nl_explode_name,mibench,mad,consumer/mad/mad-0.14.2b/intl/explodename.c,_nl_explode_name,data/ir/mibench/mad/_nl_explode_name__89a26465d2.ll,65644d4e5b196c46,349,legacy_c89,False
mibench/consumer/mad/mad-0.14.2b/intl/l10nflist.c::_nl_make_l10nflist,mibench,mad,consumer/mad/mad-0.14.2b/intl/l10nflist.c,_nl_make_l10nflist,data/ir/mibench/mad/_nl_make_l10nflist__08ce8f5c86.ll,feea6352c6834dbb,291,legacy_c89,False
mibench/consumer/mad/mad-0.14.2b/intl/l10nflist.c::stpcpy,mibench,mad,consumer/mad/mad-0.14.2b/intl/l10nflist.c,stpcpy,data/ir/mibench/mad/stpcpy__cf6e820fd7.ll,3a5bd46ea2e3091a,13,legacy_c89,False
mibench/consumer/mad/mad-0.14.2b/intl/loadmsgcat.c::_nl_load_domain,mibench,mad,consumer/mad/mad-0.14.2b/intl/loadmsgcat.c,_nl_load_domain,data/ir/mibench/mad/_nl_load_domain__913c20bad9.ll,8df8f0d1f1aca04b,182,legacy_c89,False
mibench/consumer/mad/mad-0.14.2b/intl/loadmsgcat.c::SWAP,mibench,mad,consumer/mad/mad-0.14.2b/intl/loadmsgcat.c,SWAP,data/ir/mibench/mad/SWAP__3eb915eab0.ll,cf989ce3ef3a517a,10,legacy_c89,False
mibench/consumer/mad/mad-0.14.2b/intl/textdomain.c::textdomain__,mibench,mad,consumer/mad/mad-0.14.2b/intl/textdomain.c,textdomain__,data/ir/mibench/mad/textdomain____adb196da19.ll,1d59b12422ad80c5,32,legacy_c89,False
mibench/consumer/mad/mad-0.14.2b/libid3tag/compat.c::id3_compat_lookup,mibench,mad,consumer/mad/mad-0.14.2b/libid3tag/compat.c,id3_compat_lookup,data/ir/mibench/mad/id3_compat_lookup__e3c08e3651.ll,b06d489e8846be7e,83,default,False
mibench/consumer/mad/mad-0.14.2b/libid3tag/field.c::id3_field_render,mibench,mad,consumer/mad/mad-0.14.2b/libid3tag/field.c,id3_field_render,data/ir/mibench/mad/id3_field_render__55d2b4f348.ll,c15d86e5ab3d022c,108,default,False
mibench/consumer/mad/mad-0.14.2b/libid3tag/field.c::id3_field_setstring,mibench,mad,consumer/mad/mad-0.14.2b/libid3tag/field.c,id3_field_setstring,data/ir/mibench/mad/id3_field_setstring__58a9c1ca0c.ll,aed60d94ca619a68,24,default,False
mibench/consumer/mad/mad-0.14.2b/libid3tag/field.c::set_string,mibench,mad,consumer/mad/mad-0.14.2b/libid3tag/field.c,set_string,data/ir/mibench/mad/set_string__c86afcd43f.ll,f83e9ad44708514b,17,default,False
mibench/consumer/mad/mad-0.14.2b/libid3tag/field.c::id3_field_setstrings,mibench,mad,consumer/mad/mad-0.14.2b/libid3tag/field.c,id3_field_setstrings,data/ir/mibench/mad/id3_field_setstrings__2d38a28e3f.ll,0f6f2e94ca5d9cd7,52,default,False
mibench/consumer/mad/mad-0.14.2b/libid3tag/field.c::id3_field_addstring,mibench,mad,consumer/mad/mad-0.14.2b/libid3tag/field.c,id3_field_addstring,data/ir/mibench/mad/id3_field_addstring__03cf9e6450.ll,72a4ed00167cbf37,34,default,False
mibench/consumer/mad/mad-0.14.2b/libid3tag/field.c::id3_field_setbinarydata,mibench,mad,consumer/mad/mad-0.14.2b/libid3tag/field.c,id3_field_setbinarydata,data/ir/mibench/mad/id3_field_setbinarydata__5fe5c8a95b.ll,83a0b5345e8e83dd,22,default,False
mibench/consumer/mad/mad-0.14.2b/libid3tag/field.c::id3_field_getfullstring,mibench,mad,consumer/mad/mad-0.14.2b/libid3tag/field.c,id3_field_getfullstring,data/ir/mibench/mad/id3_field_getfullstring__e080430b22.ll,9e09090fb7c6f59d,16,default,False
mibench/consumer/mad/mad-0.14.2b/libid3tag/file.c::id3_file_open,mibench,mad,consumer/mad/mad-0.14.2b/libid3tag/file.c,id3_file_open,data/ir/mibench/mad/id3_file_open__8c32594fe5.ll,8ef6f81ca8397da2,15,legacy_c89,False
mibench/consumer/mad/mad-0.14.2b/libid3tag/file.c::id3_file_fdopen,mibench,mad,consumer/mad/mad-0.14.2b/libid3tag/file.c,id3_file_fdopen,data/ir/mibench/mad/id3_file_fdopen__8869f54603.ll,98caec8e799c9700,18,legacy_c89,False
mibench/consumer/mad/mad-0.14.2b/libid3tag/file.c::search_tags,mibench,mad,consumer/mad/mad-0.14.2b/libid3tag/file.c,search_tags,data/ir/mibench/mad/search_tags__8f7636ec08.ll,d1ace5974173c718,131,legacy_c89,False
mibench/consumer/mad/mad-0.14.2b/libid3tag/file.c::add_tag,mibench,mad,consumer/mad/mad-0.14.2b/libid3tag/file.c,add_tag,data/ir/mibench/mad/add_tag__4946c3e0b0.ll,cd794c2f9cdd880f,85,legacy_c89,False
mibench/consumer/mad/mad-0.14.2b/libid3tag/frame.c::id3_frame_new,mibench,mad,consumer/mad/mad-0.14.2b/libid3tag/frame.c,id3_frame_new,data/ir/mibench/mad/id3_frame_new__cdc9a9053f.ll,415747a7ad89bfe9,104,default,False
mibench/consumer/mad/mad-0.14.2b/libid3tag/frame.c::id3_frame_delete,mibench,mad,consumer/mad/mad-0.14.2b/libid3tag/frame.c,id3_frame_delete,data/ir/mibench/mad/id3_frame_delete__9074f9effb.ll,afa712e9c6a6b924,29,default,False
mibench/consumer/mad/mad-0.14.2b/libid3tag/frame.c::unparseable,mibench,mad,consumer/mad/mad-0.14.2b/libid3tag/frame.c,unparseable,data/ir/mibench/mad/unparseable__acdd97f1bf.ll,d38ab2b9d5d5f4d2,38,default,False
mibench/consumer/mad/mad-0.14.2b/libid3tag/frame.c::parse_data,mibench,mad,consumer/mad/mad-0.14.2b/libid3tag/frame.c,parse_data,data/ir/mibench/mad/parse_data__df7d826840.ll,7b92c45f8571de12,30,default,False
mibench/consumer/mad/mad-0.14.2b/libid3tag/parse.c::id3_parse_immediate,mibench,mad,consumer/mad/mad-0.14.2b/libid3tag/parse.c,id3_parse_immediate,data/ir/mibench/mad/id3_parse_immediate__82b8df9708.ll,b1db08222f7b4b50,73,default,False
mibench/consumer/mad/mad-0.14.2b/libid3tag/parse.c::id3_parse_string,mibench,mad,consumer/mad/mad-0.14.2b/libid3tag/parse.c,id3_parse_string,data/ir/mibench/mad/id3_parse_string__de8c913b71.ll,72050f25d986eeca,29,default,False
mibench/consumer/mad/mad-0.14.2b/libid3tag/render.c::id3_render_immediate,mibench,mad,consumer/mad/mad-0.14.2b/libid3tag/render.c,id3_render_immediate,data/ir/mibench/mad/id3_render_immediate__ef1a93544f.ll,7eaa9a0640454ec1,75,default,False
mibench/consumer/mad/mad-0.14.2b/libid3tag/render.c::id3_render_syncsafe,mibench,mad,consumer/mad/mad-0.14.2b/libid3tag/render.c,id3_render_syncsafe,data/ir/mibench/mad/id3_render_syncsafe__fa67ba4031.ll,3d875a6abccdc31e,51,default,False
mibench/consumer/mad/mad-0.14.2b/libid3tag/render.c::id3_render_binary,mibench,mad,consumer/mad/mad-0.14.2b/libid3tag/render.c,id3_render_binary,data/ir/mibench/mad/id3_render_binary__4dcfa8ba0e.ll,b064d17e33c6b189,14,default,False
mibench/consumer/mad/mad-0.14.2b/libid3tag/render.c::id3_render_padding,mibench,mad,consumer/mad/mad-0.14.2b/libid3tag/render.c,id3_render_padding,data/ir/mibench/mad/id3_render_padding__08974014cf.ll,a19e8bc68df8434d,11,default,False
mibench/consumer/mad/mad-0.14.2b/libid3tag/tag.c::id3_tag_new,mibench,mad,consumer/mad/mad-0.14.2b/libid3tag/tag.c,id3_tag_new,data/ir/mibench/mad/id3_tag_new__cccea43214.ll,093570a1c173f468,23,default,False
mibench/consumer/mad/mad-0.14.2b/libid3tag/tag.c::id3_tag_delref,mibench,mad,consumer/mad/mad-0.14.2b/libid3tag/tag.c,id3_tag_delref,data/ir/mibench/mad/id3_tag_delref__ff345f7170.ll,bba567517fc0ec8a,13,default,False
mibench/consumer/mad/mad-0.14.2b/libid3tag/tag.c::id3_tag_findframe,mibench,mad,consumer/mad/mad-0.14.2b/libid3tag/tag.c,id3_tag_findframe,data/ir/mibench/mad/id3_tag_findframe__9e0822f12d.ll,47b9955341a0c548,78,default,False
mibench/consumer/mad/mad-0.14.2b/libid3tag/tag.c::tagtype,mibench,mad,consumer/mad/mad-0.14.2b/libid3tag/tag.c,tagtype,data/ir/mibench/mad/tagtype__4cc33027a8.ll,b7cc21da57223050,90,default,False
mibench/consumer/mad/mad-0.14.2b/libid3tag/tag.c::v1_parse,mibench,mad,consumer/mad/mad-0.14.2b/libid3tag/tag.c,v1_parse,data/ir/mibench/mad/v1_parse__fcc628c270.ll,2dde19d34ec08f92,103,default,False
mibench/consumer/mad/mad-0.14.2b/libid3tag/tag.c::v1_render,mibench,mad,consumer/mad/mad-0.14.2b/libid3tag/tag.c,v1_render,data/ir/mibench/mad/v1_render__69ac0df7ca.ll,2bed07f9df26b23f,80,default,False
mibench/consumer/mad/mad-0.14.2b/libid3tag/tag.c::v1_attachstr,mibench,mad,consumer/mad/mad-0.14.2b/libid3tag/tag.c,v1_attachstr,data/ir/mibench/mad/v1_attachstr__09313810dc.ll,8711c746d5a92582,73,default,False
mibench/consumer/mad/mad-0.14.2b/libid3tag/utf16.c::id3_utf16_length,mibench,mad,consumer/mad/mad-0.14.2b/libid3tag/utf16.c,id3_utf16_length,data/ir/mibench/mad/id3_utf16_length__7f1c6b3c5b.ll,aee7013256355ae7,49,default,False
mibench/consumer/mad/mad-0.14.2b/libid3tag/utf16.c::id3_utf16_put,mibench,mad,consumer/mad/mad-0.14.2b/libid3tag/utf16.c,id3_utf16_put,data/ir/mibench/mad/id3_utf16_put__e430377ef4.ll,749db06a9f19a9a2,39,default,False
mibench/consumer/mad/mad-0.14.2b/libid3tag/utf16.c::id3_utf16_get,mibench,mad,consumer/mad/mad-0.14.2b/libid3tag/utf16.c,id3_utf16_get,data/ir/mibench/mad/id3_utf16_get__d967e06c85.ll,8962b15985abe7a0,33,default,False
mibench/consumer/mad/mad-0.14.2b/libid3tag/utf8.c::id3_utf8_encode,mibench,mad,consumer/mad/mad-0.14.2b/libid3tag/utf8.c,id3_utf8_encode,data/ir/mibench/mad/id3_utf8_encode__8818a25f6f.ll,98a6604ec6ce28b5,12,default,False
mibench/consumer/mad/mad-0.14.2b/libmad/bit.c::mad_bit_length,mibench,mad,consumer/mad/mad-0.14.2b/libmad/bit.c,mad_bit_length,data/ir/mibench/mad/mad_bit_length__8c2be43af0.ll,6f645b394ce40029,21,default,False
mibench/consumer/mad/mad-0.14.2b/libmad/bit.c::mad_bit_skip,mibench,mad,consumer/mad/mad-0.14.2b/libmad/bit.c,mad_bit_skip,data/ir/mibench/mad/mad_bit_skip__e097e9024d.ll,f2e0f1152c069c67,42,default,False
mibench/consumer/mad/mad-0.14.2b/libmad/stream.c::mad_stream_finish,mibench,mad,consumer/mad/mad-0.14.2b/libmad/stream.c,mad_stream_finish,data/ir/mibench/mad/mad_stream_finish__77f1d031d2.ll,2b8fbd05eedc364f,11,default,False
mibench/consumer/mad/mad-0.14.2b/libmad/stream.c::mad_stream_buffer,mibench,mad,consumer/mad/mad-0.14.2b/libmad/stream.c,mad_stream_buffer,data/ir/mibench/mad/mad_stream_buffer__0d0831bced.ll,d3a0c07fe7f79a6a,14,default,False
mibench/consumer/mad/mad-0.14.2b/libmad/stream.c::mad_stream_sync,mibench,mad,consumer/mad/mad-0.14.2b/libmad/stream.c,mad_stream_sync,data/ir/mibench/mad/mad_stream_sync__d6fd6dfcfb.ll,e02e57442297de31,38,default,False
mibench/consumer/mad/mad-0.14.2b/libmad/timer.c::mad_timer_abs,mibench,mad,consumer/mad/mad-0.14.2b/libmad/timer.c,mad_timer_abs,data/ir/mibench/mad/mad_timer_abs__00ef9686f7.ll,d9a49f45de4e6431,20,legacy_c89,False
mibench/consumer/mad/mad-0.14.2b/libmad/timer.c::mad_timer_set,mibench,mad,consumer/mad/mad-0.14.2b/libmad/timer.c,mad_timer_set,data/ir/mibench/mad/mad_timer_set__d2eb08a5fb.ll,5fa80fa05e604e01,72,legacy_c89,False
mibench/consumer/mad/mad-0.14.2b/libmad/timer.c::mad_timer_add,mibench,mad,consumer/mad/mad-0.14.2b/libmad/timer.c,mad_timer_add,data/ir/mibench/mad/mad_timer_add__670da61940.ll,2cea7b0227b10440,24,legacy_c89,False
mibench/consumer/mad/mad-0.14.2b/libmad/timer.c::mad_timer_multiply,mibench,mad,consumer/mad/mad-0.14.2b/libmad/timer.c,mad_timer_multiply,data/ir/mibench/mad/mad_timer_multiply__9204223da7.ll,92689ab6db3c9e80,30,legacy_c89,False
mibench/consumer/mad/mad-0.14.2b/libmad/timer.c::mad_timer_string,mibench,mad,consumer/mad/mad-0.14.2b/libmad/timer.c,mad_timer_string,data/ir/mibench/mad/mad_timer_string__512ffd95ee.ll,28f9ef9820a327d2,97,legacy_c89,False
mibench/consumer/mad/mad-0.14.2b/libz/compress.c::compress2,mibench,mad,consumer/mad/mad-0.14.2b/libz/compress.c,compress2,data/ir/mibench/mad/compress2__75eb4505c2.ll,d8d882b8675ff94a,46,default,False
mibench/consumer/mad/mad-0.14.2b/libz/deflate.c::deflateSetDictionary,mibench,mad,consumer/mad/mad-0.14.2b/libz/deflate.c,deflateSetDictionary,data/ir/mibench/mad/deflateSetDictionary__98d4c7dd78.ll,b355ad94546c3404,129,default,False
mibench/consumer/mad/mad-0.14.2b/libz/deflate.c::deflateParams,mibench,mad,consumer/mad/mad-0.14.2b/libz/deflate.c,deflateParams,data/ir/mibench/mad/deflateParams__7f3bc1245a.ll,643231cf472e4e2d,81,default,False
mibench/consumer/mad/mad-0.14.2b/libz/deflate.c::deflate_stored,mibench,mad,consumer/mad/mad-0.14.2b/libz/deflate.c,deflate_stored,data/ir/mibench/mad/deflate_stored__6828be339d.ll,00b2cf2fac622a17,192,default,False
mibench/consumer/mad/mad-0.14.2b/libz/deflate.c::deflate_fast,mibench,mad,consumer/mad/mad-0.14.2b/libz/deflate.c,deflate_fast,data/ir/mibench/mad/deflate_fast__73ee0eb9f2.ll,894a633bd35f3278,431,default,False
mibench/consumer/mad/mad-0.14.2b/libz/deflate.c::deflate_slow,mibench,mad,consumer/mad/mad-0.14.2b/libz/deflate.c,deflate_slow,data/ir/mibench/mad/deflate_slow__3eb9390e9e.ll,06a070669c7a61af,541,default,False
mibench/consumer/mad/mad-0.14.2b/libz/deflate.c::read_buf,mibench,mad,consumer/mad/mad-0.14.2b/libz/deflate.c,read_buf,data/ir/mibench/mad/read_buf__f4bbc3be97.ll,84ac1a94adab7c76,44,default,False
mibench/consumer/mad/mad-0.14.2b/libz/gzio.c::gzdopen,mibench,mad,consumer/mad/mad-0.14.2b/libz/gzio.c,gzdopen,data/ir/mibench/mad/gzdopen__960a184e24.ll,79a25a732f024522,11,default,False
mibench/consumer/mad/mad-0.14.2b/libz/gzio.c::gzsetparams,mibench,mad,consumer/mad/mad-0.14.2b/libz/gzio.c,gzsetparams,data/ir/mibench/mad/gzsetparams__9e9f57d763.ll,f8e5ac1c13d550ed,37,default,False
mibench/consumer/mad/mad-0.14.2b/libz/gzio.c::gzwrite,mibench,mad,consumer/mad/mad-0.14.2b/libz/gzio.c,gzwrite,data/ir/mibench/mad/gzwrite__b92149a641.ll,b4773e3c17cc3cc1,66,default,False
mibench/consumer/mad/mad-0.14.2b/libz/gzio.c::gzrewind,mibench,mad,consumer/mad/mad-0.14.2b/libz/gzio.c,gzrewind,data/ir/mibench/mad/gzrewind__e11153b216.ll,d64b18bc158edf61,41,default,False
mibench/consumer/mad/mad-0.14.2b/libz/gzio.c::gzeof,mibench,mad,consumer/mad/mad-0.14.2b/libz/gzio.c,gzeof,data/ir/mibench/mad/gzeof__8c4d7f6c5d.ll,612d8aaad4139bd8,13,default,False
mibench/consumer/mad/mad-0.14.2b/libz/gzio.c::gzerror,mibench,mad,consumer/mad/mad-0.14.2b/libz/gzio.c,gzerror,data/ir/mibench/mad/gzerror__5750aa89c2.ll,1a1505576942193d,68,default,False
mibench/consumer/mad/mad-0.14.2b/libz/gzio.c::get_byte,mibench,mad,consumer/mad/mad-0.14.2b/libz/gzio.c,get_byte,data/ir/mibench/mad/get_byte__bbea619502.ll,160ffb0db62bd772,58,default,False
mibench/consumer/mad/mad-0.14.2b/libz/infblock.c::inflate_blocks,mibench,mad,consumer/mad/mad-0.14.2b/libz/infblock.c,inflate_blocks,data/ir/mibench/mad/inflate_blocks__b9281801c7.ll,4acf8e6bebbde269,1281,default,False
mibench/consumer/mad/mad-0.14.2b/libz/infblock.c::inflate_blocks_free,mibench,mad,consumer/mad/mad-0.14.2b/libz/infblock.c,inflate_blocks_free,data/ir/mibench/mad/inflate_blocks_free__660bdebb79.ll,94113427513c9b3e,21,default,False
mibench/consumer/mad/mad-0.14.2b/libz/inffast.c::inflate_fast,mibench,mad,consumer/mad/mad-0.14.2b/libz/inffast.c,inflate_fast,data/ir/mibench/mad/inflate_fast__63d2acdb51.ll,411f1213babff613,503,default,False
mibench/consumer/mad/mad-0.14.2b/libz/inflate.c::inflateReset,mibench,mad,consumer/mad/mad-0.14.2b/libz/inflate.c,inflateReset,data/ir/mibench/mad/inflateReset__09442f90c2.ll,0c2229a43bc75106,32,default,False
mibench/consumer/mad/mad-0.14.2b/libz/inflate.c::inflateEnd,mibench,mad,consumer/mad/mad-0.14.2b/libz/inflate.c,inflateEnd,data/ir/mibench/mad/inflateEnd__f203673c00.ll,996c75f5f1576a6c,35,default,False
mibench/consumer/mad/mad-0.14.2b/libz/inftrees.c::huft_build,mibench,mad,consumer/mad/mad-0.14.2b/libz/inftrees.c,huft_build,data/ir/mibench/mad/huft_build__16b3c8b6de.ll,5e782e77a9f188fe,406,default,False
mibench/consumer/mad/mad-0.14.2b/libz/inftrees.c::inflate_trees_dynamic,mibench,mad,consumer/mad/mad-0.14.2b/libz/inftrees.c,inflate_trees_dynamic,data/ir/mibench/mad/inflate_trees_dynamic__fdbf699340.ll,689c4f4489e6606a,79,default,False
mibench/consumer/mad/mad-0.14.2b/libz/maketree.c::main,mibench,mad,consumer/mad/mad-0.14.2b/libz/maketree.c,main,data/ir/mibench/mad/main__8c9b52a193.ll,30c8d1173e25d2eb,42,default,False
mibench/consumer/mad/mad-0.14.2b/libz/trees.c::init_block,mibench,mad,consumer/mad/mad-0.14.2b/libz/trees.c,init_block,data/ir/mibench/mad/init_block__7aeb3842ff.ll,7611a47278d7e576,49,default,False
mibench/consumer/mad/mad-0.14.2b/libz/trees.c::copy_block,mibench,mad,consumer/mad/mad-0.14.2b/libz/trees.c,copy_block,data/ir/mibench/mad/copy_block__5eb53b76ff.ll,7a16b28ff4744cd6,79,default,False
mibench/consumer/mad/mad-0.14.2b/libz/trees.c::bi_flush,mibench,mad,consumer/mad/mad-0.14.2b/libz/trees.c,bi_flush,data/ir/mibench/mad/bi_flush__92521728fb.ll,5eb22eefc74ec7bb,66,default,False
mibench/consumer/mad/mad-0.14.2b/libz/trees.c::set_data_type,mibench,mad,consumer/mad/mad-0.14.2b/libz/trees.c,set_data_type,data/ir/mibench/mad/set_data_type__f202e0fda9.ll,30b67a06b892c3e3,50,default,False
mibench/consumer/mad/mad-0.14.2b/libz/trees.c::build_bl_tree,mibench,mad,consumer/mad/mad-0.14.2b/libz/trees.c,build_bl_tree,data/ir/mibench/mad/build_bl_tree__4f750d8065.ll,3f2cd61b95a7b1e6,44,default,False
mibench/consumer/mad/mad-0.14.2b/libz/trees.c::bi_reverse,mibench,mad,consumer/mad/mad-0.14.2b/libz/trees.c,bi_reverse,data/ir/mibench/mad/bi_reverse__2ed6e4d3f3.ll,cbce9a3346f6dab2,14,default,False
mibench/consumer/mad/mad-0.14.2b/libz/trees.c::send_tree,mibench,mad,consumer/mad/mad-0.14.2b/libz/trees.c,send_tree,data/ir/mibench/mad/send_tree__cca165b720.ll,bb051aec06274d55,769,default,False
mibench/consumer/mad/mad-0.14.2b/libz/uncompr.c::uncompress,mibench,mad,consumer/mad/mad-0.14.2b/libz/uncompr.c,uncompress,data/ir/mibench/mad/uncompress__31df1c8991.ll,617b5421613b22fb,50,default,False
mibench/consumer/mad/mad-0.14.2b/mad123.c::main,mibench,mad,consumer/mad/mad-0.14.2b/mad123.c,main,data/ir/mibench/mad/main__8e24cdeb7f.ll,1504cfc1124edcf1,22,legacy_c89,False
mibench/consumer/mad/mad-0.14.2b/madplay.c::main,mibench,mad,consumer/mad/mad-0.14.2b/madplay.c,main,data/ir/mibench/mad/main__f595417e6d.ll,655d0ad0b3051010,78,default,False
mibench/consumer/mad/mad-0.14.2b/madplay.c::parse_decibels,mibench,mad,consumer/mad/mad-0.14.2b/madplay.c,parse_decibels,data/ir/mibench/mad/parse_decibels__9fd459e118.ll,ddbe07de70ecd71b,56,default,False
mibench/consumer/mad/mad-0.14.2b/minimad.c::main,mibench,mad,consumer/mad/mad-0.14.2b/minimad.c,main,data/ir/mibench/mad/main__e301a43e6d.ll,cf869da939abd7b5,30,default,False
mibench/consumer/mad/mad-0.14.2b/minimad.c::output,mibench,mad,consumer/mad/mad-0.14.2b/minimad.c,output,data/ir/mibench/mad/output__6dedf0fa19.ll,ad6fc2409655119d,43,default,False
mibench/consumer/mad/mad-0.14.2b/minimad.c::scale,mibench,mad,consumer/mad/mad-0.14.2b/minimad.c,scale,data/ir/mibench/mad/scale__8fab892e46.ll,3681cd86d409f4e8,14,default,False
mibench/consumer/mad/mad-0.14.2b/resample.c::resample_block,mibench,mad,consumer/mad/mad-0.14.2b/resample.c,resample_block,data/ir/mibench/mad/resample_block__f0eec34f81.ll,e450a9705e1ce7e6,198,default,False
mibench/consumer/mad/mad-0.14.2b/xing.c::xing_parse,mibench,mad,consumer/mad/mad-0.14.2b/xing.c,xing_parse,data/ir/mibench/mad/xing_parse__4b9c2edcee.ll,fbfb13bd5aec2c91,86,default,False
mibench/network/patricia/patricia.c::pat_insert,mibench,patricia,network/patricia/patricia.c,pat_insert,data/ir/mibench/patricia/pat_insert__719d67e22a.ll,e094d78c806de2f3,194,default,False
mibench/network/patricia/patricia.c::insertR,mibench,patricia,network/patricia/patricia.c,insertR,data/ir/mibench/patricia/insertR__7935d75915.ll,c63b7ec20e75fcd8,60,default,False
mibench/network/patricia/patricia.c::pat_remove,mibench,patricia,network/patricia/patricia.c,pat_remove,data/ir/mibench/patricia/pat_remove__92af062287.ll,29d827a9ea13f0a5,260,default,False
mibench/network/patricia/patricia.c::pat_search,mibench,patricia,network/patricia/patricia.c,pat_search,data/ir/mibench/patricia/pat_search__5f06908657.ll,5cc047215ef2fc17,54,default,False
mibench/security/pgp/contrib/langtool/charconv.c::main,mibench,pgp,security/pgp/contrib/langtool/charconv.c,main,data/ir/mibench/pgp/main__d3d1432957.ll,c59023d083b2bc36,73,legacy_c89,False
mibench/security/pgp/contrib/langtool/crc.c::crcupdate,mibench,pgp,security/pgp/contrib/langtool/crc.c,crcupdate,data/ir/mibench/pgp/crcupdate__f1c58d7086.ll,a26cfb7f7dbc2228,11,default,False
mibench/security/pgp/contrib/langtool/killdups.c::newentry,mibench,pgp,security/pgp/contrib/langtool/killdups.c,newentry,data/ir/mibench/pgp/newentry__a2619b388e.ll,690867d0737feec5,19,legacy_c89,False
mibench/security/pgp/contrib/md5sum/md5sum.c::mdfile,mibench,pgp,security/pgp/contrib/md5sum/md5sum.c,mdfile,data/ir/mibench/pgp/mdfile__7bdf3b8303.ll,e8742f6739f0e6d1,20,legacy_c89,False
mibench/security/pgp/contrib/md5sum/md5sum.c::print_digest,mibench,pgp,security/pgp/contrib/md5sum/md5sum.c,print_digest,data/ir/mibench/pgp/print_digest__6c441058fc.ll,e9497b13cea2089f,13,legacy_c89,False
mibench/security/pgp/contrib/pgpsort/pgpsort.c::strstrip,mibench,pgp,security/pgp/contrib/pgpsort/pgpsort.c,strstrip,data/ir/mibench/pgp/strstrip__2e63578366.ll,5a94c9f771764dbb,27,legacy_c89,False
mibench/security/pgp/contrib/pgpsort/pgpsort.c::prompt_for_removal,mibench,pgp,security/pgp/contrib/pgpsort/pgpsort.c,prompt_for_removal,data/ir/mibench/pgp/prompt_for_removal__ed7c59537d.ll,e4f4e2d869b143ff,57,legacy_c89,False
mibench/security/pgp/contrib/pgpsort/pgpsort.c::get_username,mibench,pgp,security/pgp/contrib/pgpsort/pgpsort.c,get_username,data/ir/mibench/pgp/get_username__5d19bfab25.ll,38fabe9788363cee,98,legacy_c89,False
mibench/security/pgp/contrib/pgpsort/pgpsort.c::swap,mibench,pgp,security/pgp/contrib/pgpsort/pgpsort.c,swap,data/ir/mibench/pgp/swap__a1e7fddcc4.ll,a513b36733ad2700,13,legacy_c89,False
mibench/security/pgp/contrib/pgpsort/pgpsort.c::sort_keydata,mibench,pgp,security/pgp/contrib/pgpsort/pgpsort.c,sort_keydata,data/ir/mibench/pgp/sort_keydata__6617714c00.ll,d9dd761d44d17f72,35,legacy_c89,False
mibench/security/pgp/src/charset.c::INT_C,mibench,pgp,security/pgp/src/charset.c,INT_C,data/ir/mibench/pgp/INT_C__e72331b335.ll,499189176c168825,17,default,False
mibench/security/pgp/src/config.c::processConfigLine,mibench,pgp,security/pgp/src/config.c,processConfigLine,data/ir/mibench/pgp/processConfigLine__0edf147353.ll,9fc9036c3bc89152,71,legacy_c89,False
mibench/security/pgp/src/config.c::lookup,mibench,pgp,security/pgp/src/config.c,lookup,data/ir/mibench/pgp/lookup__371c06bd66.ll,e1bed734ee0456a8,62,legacy_c89,False
mibench/security/pgp/src/config.c::getAssignment,mibench,pgp,security/pgp/src/config.c,getAssignment,data/ir/mibench/pgp/getAssignment__9e31d2576d.ll,eec1d91ff7780a99,82,legacy_c89,False
mibench/security/pgp/src/config.c::extractToken,mibench,pgp,security/pgp/src/config.c,extractToken,data/ir/mibench/pgp/extractToken__0a0a83bb5e.ll,32ae40102bf96a0c,51,legacy_c89,False
mibench/security/pgp/src/crypto.c::PascalToC,mibench,pgp,security/pgp/src/crypto.c,PascalToC,data/ir/mibench/pgp/PascalToC__cac6a23aee.ll,2f1685f4e9e5bc06,21,legacy_c89,False
mibench/security/pgp/src/crypto.c::cdate,mibench,pgp,security/pgp/src/crypto.c,cdate,data/ir/mibench/pgp/cdate__94a08a96cb.ll,c0a2be8ff8e01850,15,legacy_c89,False
mibench/security/pgp/src/crypto.c::ctdate,mibench,pgp,security/pgp/src/crypto.c,ctdate,data/ir/mibench/pgp/ctdate__954c82601d.ll,6086026bc47c0601,10,legacy_c89,False
mibench/security/pgp/src/crypto.c::version_byte_error,mibench,pgp,security/pgp/src/crypto.c,version_byte_error,data/ir/mibench/pgp/version_byte_error__4c41eb550b.ll,f20c2640c607dab9,11,legacy_c89,False
mibench/security/pgp/src/crypto.c::write_ctb_len,mibench,pgp,security/pgp/src/crypto.c,write_ctb_len,data/ir/mibench/pgp/write_ctb_len__08dbdbf4b2.ll,29241488116f9785,44,legacy_c89,False
mibench/security/pgp/src/crypto.c::compromise,mibench,pgp,security/pgp/src/crypto.c,compromise,data/ir/mibench/pgp/compromise__c0a2aa7e73.ll,aab37656f2dd4b52,128,legacy_c89,False
mibench/security/pgp/src/crypto.c::check_signaturefile,mibench,pgp,security/pgp/src/crypto.c,check_signaturefile,data/ir/mibench/pgp/check_signaturefile__b3a79b2517.ll,100230f4bfeb2bb4,754,legacy_c89,False
mibench/security/pgp/src/crypto.c::check_key_sig,mibench,pgp,security/pgp/src/crypto.c,check_key_sig,data/ir/mibench/pgp/check_key_sig__b9c354362d.ll,05ee48e1ebad8594,224,legacy_c89,False
mibench/security/pgp/src/crypto.c::squish_file,mibench,pgp,security/pgp/src/crypto.c,squish_file,data/ir/mibench/pgp/squish_file__55108cdccc.ll,7322071ff714ed4f,48,legacy_c89,False
mibench/security/pgp/src/crypto.c::squish_and_idea_file,mibench,pgp,security/pgp/src/crypto.c,squish_and_idea_file,data/ir/mibench/pgp/squish_and_idea_file__f0d132bad0.ll,fa1fc173af8b3c3c,70,legacy_c89,False
mibench/security/pgp/src/crypto.c::make_literal,mibench,pgp,security/pgp/src/crypto.c,make_literal,data/ir/mibench/pgp/make_literal__fcc9f80a86.ll,89448dee59f86a1e,115,legacy_c89,False
mibench/security/pgp/src/crypto.c::strip_literal,mibench,pgp,security/pgp/src/crypto.c,strip_literal,data/ir/mibench/pgp/strip_literal__7073f0fcdb.ll,2e6f4cd1aec490cb,201,legacy_c89,False
mibench/security/pgp/src/crypto.c::idea_file,mibench,pgp,security/pgp/src/crypto.c,idea_file,data/ir/mibench/pgp/idea_file__79d4b8e196.ll,e076318e3fcbdde8,89,legacy_c89,False
mibench/security/pgp/src/crypto.c::decompress_file,mibench,pgp,security/pgp/src/crypto.c,decompress_file,data/ir/mibench/pgp/decompress_file__58063009df.ll,f8c2e2d888017acb,76,legacy_c89,False
mibench/security/pgp/src/genprime.c::randombits,mibench,pgp,security/pgp/src/genprime.c,randombits,data/ir/mibench/pgp/randombits__aa10946c8c.ll,6a50dc30df8ff479,26,legacy_c89,False
mibench/security/pgp/src/genprime.c::nextprime,mibench,pgp,security/pgp/src/genprime.c,nextprime,data/ir/mibench/pgp/nextprime__7c2ef2a5fa.ll,83e0a552c4017c87,127,legacy_c89,False
mibench/security/pgp/src/genprime.c::mp_inv,mibench,pgp,security/pgp/src/genprime.c,mp_inv,data/ir/mibench/pgp/mp_inv__b8a36f0791.ll,4852270112c27eed,190,legacy_c89,False
mibench/security/pgp/src/genprime.c::buildsieve,mibench,pgp,security/pgp/src/genprime.c,buildsieve,data/ir/mibench/pgp/buildsieve__9dbdf1838f.ll,ee0e7074c5319de6,18,legacy_c89,False
mibench/security/pgp/src/idea.c::ideaCfbReinit,mibench,pgp,security/pgp/src/idea.c,ideaCfbReinit,data/ir/mibench/pgp/ideaCfbReinit__557bf31263.ll,b1cba2ae520cbbc1,13,default,False
mibench/security/pgp/src/idea.c::ideaCfbSync,mibench,pgp,security/pgp/src/idea.c,ideaCfbSync,data/ir/mibench/pgp/ideaCfbSync__7851f881bc.ll,8c0b953b9e148629,27,default,False
mibench/security/pgp/src/idea.c::ideaRandState,mibench,pgp,security/pgp/src/idea.c,ideaRandState,data/ir/mibench/pgp/ideaRandState__72fb23dd8d.ll,aca74d586db095f4,32,default,False
mibench/security/pgp/src/keyadd.c::_addto_keyring,mibench,pgp,security/pgp/src/keyadd.c,_addto_keyring,data/ir/mibench/pgp/_addto_keyring__33822f0ebf.ll,78377cae80048a7d,485,legacy_c89,False
mibench/security/pgp/src/keyadd.c::find_keyID,mibench,pgp,security/pgp/src/keyadd.c,find_keyID,data/ir/mibench/pgp/find_keyID__9a4e85ffe7.ll,c95690c1c00d51d6,26,legacy_c89,False
mibench/security/pgp/src/keyadd.c::mergesigs,mibench,pgp,security/pgp/src/keyadd.c,mergesigs,data/ir/mibench/pgp/mergesigs__ccdc3a1000.ll,6bde0839f708d47e,280,legacy_c89,False
mibench/security/pgp/src/keymaint.c::user_from_keyID,mibench,pgp,security/pgp/src/keymaint.c,user_from_keyID,data/ir/mibench/pgp/user_from_keyID__08b570f02a.ll,f8db3381e7901d10,31,legacy_c89,False
mibench/security/pgp/src/keymaint.c::show_userid,mibench,pgp,security/pgp/src/keymaint.c,show_userid,data/ir/mibench/pgp/show_userid__644719d9ba.ll,489e74a8f534938f,33,legacy_c89,False
mibench/security/pgp/src/keymaint.c::setup_trust,mibench,pgp,security/pgp/src/keymaint.c,setup_trust,data/ir/mibench/pgp/setup_trust__b3b670eeb8.ll,86a902b1569caff0,30,legacy_c89,False
mibench/security/pgp/src/keymaint.c::maint_trace_chain,mibench,pgp,security/pgp/src/keymaint.c,maint_trace_chain,data/ir/mibench/pgp/maint_trace_chain__f180623786.ll,f91765ac7fb0c3d7,49,legacy_c89,False
mibench/security/pgp/src/keymaint.c::allocn,mibench,pgp,security/pgp/src/keymaint.c,allocn,data/ir/mibench/pgp/allocn__5098880fe5.ll,03ca19a309d906d6,26,legacy_c89,False
mibench/security/pgp/src/keymaint.c::compute_legit,mibench,pgp,security/pgp/src/keymaint.c,compute_legit,data/ir/mibench/pgp/compute_legit__024742f532.ll,c64f945eaddf8c9a,56,legacy_c89,False
mibench/security/pgp/src/keymgmt.c::keyIDstring,mibench,pgp,security/pgp/src/keymgmt.c,keyIDstring,data/ir/mibench/pgp/keyIDstring__3999738053.ll,4556b655b9a37402,17,default,False
mibench/security/pgp/src/keymgmt.c::nextkeypacket,mibench,pgp,security/pgp/src/keymgmt.c,nextkeypacket,data/ir/mibench/pgp/nextkeypacket__f6725328dc.ll,f55dd0548d63d21b,51,default,False
mibench/security/pgp/src/keymgmt.c::readkeypacket,mibench,pgp,security/pgp/src/keymgmt.c,readkeypacket,data/ir/mibench/pgp/readkeypacket__9c1fd2474d.ll,43367d4404bc624f,317,default,False
mibench/security/pgp/src/keymgmt.c::getpublickey,mibench,pgp,security/pgp/src/keymgmt.c,getpublickey,data/ir/mibench/pgp/getpublickey__07c119a8f8.ll,e09009a23eced233,230,default,False
mibench/security/pgp/src/keymgmt.c::checkkeyID,mibench,pgp,security/pgp/src/keymgmt.c,checkkeyID,data/ir/mibench/pgp/checkkeyID__bb4b1bda1f.ll,e6e61968261aa330,15,default,False
mibench/security/pgp/src/keymgmt.c::is_compromised,mibench,pgp,security/pgp/src/keymgmt.c,is_compromised,data/ir/mibench/pgp/is_compromised__8af1c2bb08.ll,f43812c428dc041d,48,default,False
mibench/security/pgp/src/keymgmt.c::getpubusersig,mibench,pgp,security/pgp/src/keymgmt.c,getpubusersig,data/ir/mibench/pgp/getpubusersig__0d1d3a0cf8.ll,93d6bb55f19efecf,55,default,False
mibench/security/pgp/src/keymgmt.c::view_keyring,mibench,pgp,security/pgp/src/keymgmt.c,view_keyring,data/ir/mibench/pgp/view_keyring__d7c2c6141d.ll,ecc2d1756d6a7f1a,90,default,False
mibench/security/pgp/src/keymgmt.c::backup_rename,mibench,pgp,security/pgp/src/keymgmt.c,backup_rename,data/ir/mibench/pgp/backup_rename__e274b5057f.ll,f93c0b4553e7aaf6,21,default,False
mibench/security/pgp/src/keymgmt.c::extract_from_keyring,mibench,pgp,security/pgp/src/keymgmt.c,extract_from_keyring,data/ir/mibench/pgp/extract_from_keyring__b7c43e4e05.ll,61825a4cb92e2718,374,default,False
mibench/security/pgp/src/keymgmt.c::merge_key_to_ringfile,mibench,pgp,security/pgp/src/keymgmt.c,merge_key_to_ringfile,data/ir/mibench/pgp/merge_key_to_ringfile__9b4175ff42.ll,efd381cd3119b0a8,36,default,False
mibench/security/pgp/src/keymgmt.c::disable_key,mibench,pgp,security/pgp/src/keymgmt.c,disable_key,data/ir/mibench/pgp/disable_key__a86a945c2b.ll,34ad1e58cccf4582,100,default,False
mibench/security/pgp/src/language.c::init_lang,mibench,pgp,security/pgp/src/language.c,init_lang,data/ir/mibench/pgp/init_lang__b8f606f7cc.ll,86002368c39c1adb,89,legacy_c89,False
mibench/security/pgp/src/language.c::make_indexfile,mibench,pgp,security/pgp/src/language.c,make_indexfile,data/ir/mibench/pgp/make_indexfile__f45c7d2d47.ll,acb3b8b67e83db0b,174,legacy_c89,False
mibench/security/pgp/src/md5.c::MD5Update,mibench,pgp,security/pgp/src/md5.c,MD5Update,data/ir/mibench/pgp/MD5Update__e0b3861ae6.ll,71ab791c5b5d103f,73,default,False
mibench/security/pgp/src/md5.c::MD5Transform,mibench,pgp,security/pgp/src/md5.c,MD5Transform,data/ir/mibench/pgp/MD5Transform__cbd5949ae3.ll,0571b26af70e09aa,777,default,False
mibench/security/pgp/src/mdfile.c::MDfile0_len,mibench,pgp,security/pgp/src/mdfile.c,MDfile0_len,data/ir/mibench/pgp/MDfile0_len__d470c41995.ll,f63030a3ab86700b,26,default,False
mibench/security/pgp/src/mdfile.c::MDfile,mibench,pgp,security/pgp/src/mdfile.c,MDfile,data/ir/mibench/pgp/MDfile__994232d3bb.ll,4be8bd19b4cc3d89,12,default,False
mibench/security/pgp/src/memmove.c::memmove,mibench,pgp,security/pgp/src/memmove.c,memmove,data/ir/mibench/pgp/memmove__6cce7968ac.ll,8663263302852f0e,158,default,False
mibench/security/pgp/src/more.c::open_more,mibench,pgp,security/pgp/src/more.c,open_more,data/ir/mibench/pgp/open_more__37316dd57f.ll,30ebf0397f23fc16,34,legacy_c89,False
mibench/security/pgp/src/mpiio.c::string_length,mibench,pgp,security/pgp/src/mpiio.c,string_length,data/ir/mibench/pgp/string_length__32a8c0bd43.ll,b8f2443d150062ab,14,default,False
mibench/security/pgp/src/mpiio.c::cbc_xor,mibench,pgp,security/pgp/src/mpiio.c,cbc_xor,data/ir/mibench/pgp/cbc_xor__1e23b30b18.ll,58a2f5f73bd48829,39,default,False
mibench/security/pgp/src/mpiio.c::hiloswap,mibench,pgp,security/pgp/src/mpiio.c,hiloswap,data/ir/mibench/pgp/hiloswap__e83ae5f8a9.ll,a1b8ae800176a52b,17,default,False
mibench/security/pgp/src/mpilib.c::mp_compare,mibench,pgp,security/pgp/src/mpilib.c,mp_compare,data/ir/mibench/pgp/mp_compare__ec59428e76.ll,178018f73071106a,36,default,False
mibench/security/pgp/src/mpilib.c::mp_inc,mibench,pgp,security/pgp/src/mpilib.c,mp_inc,data/ir/mibench/pgp/mp_inc__706c47b732.ll,26d3ab819f9e7e78,18,default,False
mibench/security/pgp/src/mpilib.c::countbits,mibench,pgp,security/pgp/src/mpilib.c,countbits,data/ir/mibench/pgp/countbits__8e1307b31b.ll,eb9329865057f6ef,28,default,False
mibench/security/pgp/src/mpilib.c::mp_mod,mibench,pgp,security/pgp/src/mpilib.c,mp_mod,data/ir/mibench/pgp/mp_mod__366050dd50.ll,d1de6b96a79a989e,69,default,False
mibench/security/pgp/src/mpilib.c::mp_mult,mibench,pgp,security/pgp/src/mpilib.c,mp_mult,data/ir/mibench/pgp/mp_mult__3f3c137c79.ll,66034a4b8ac96422,63,default,False
mibench/security/pgp/src/mpilib.c::mp_dmul,mibench,pgp,security/pgp/src/mpilib.c,mp_dmul,data/ir/mibench/pgp/mp_dmul__82abdcfd6f.ll,cccc42b553e8b8a0,28,default,False
mibench/security/pgp/src/passwd.c::GetHashedPassPhrase,mibench,pgp,security/pgp/src/passwd.c,GetHashedPassPhrase,data/ir/mibench/pgp/GetHashedPassPhrase__3d925eb317.ll,cc53f7b3b6353011,74,default,False
mibench/security/pgp/src/pgp.c::main,mibench,pgp,security/pgp/src/pgp.c,main,data/ir/mibench/pgp/main__dcfcd39688.ll,857cbf096a1dcebe,1097,legacy_c89,False
mibench/security/pgp/src/pgp.c::key_usage,mibench,pgp,security/pgp/src/pgp.c,key_usage,data/ir/mibench/pgp/key_usage__0ae7353ec1.ll,ec77f4ffb8912556,35,legacy_c89,False
mibench/security/pgp/src/pgp.c::do_keyopt,mibench,pgp,security/pgp/src/pgp.c,do_keyopt,data/ir/mibench/pgp/do_keyopt__2e59d763ac.ll,3137c42f7167cc7c,769,legacy_c89,False
mibench/security/pgp/src/pgp.c::do_armorfile,mibench,pgp,security/pgp/src/pgp.c,do_armorfile,data/ir/mibench/pgp/do_armorfile__e2f841a213.ll,188666fd9e17a761,125,legacy_c89,False
mibench/security/pgp/src/random.c::cryptRandSave,mibench,pgp,security/pgp/src/random.c,cryptRandSave,data/ir/mibench/pgp/cryptRandSave__5f90d25ec5.ll,bf917468979e1a67,16,legacy_c89,False
mibench/security/pgp/src/random.c::getstring,mibench,pgp,security/pgp/src/random.c,getstring,data/ir/mibench/pgp/getstring__23188bfd4f.ll,09e63cf918f0b0ec,84,legacy_c89,False
mibench/security/pgp/src/randpool.c::randPoolGetBytes,mibench,pgp,security/pgp/src/randpool.c,randPoolGetBytes,data/ir/mibench/pgp/randPoolGetBytes__37a866f19f.ll,11337437623ac2eb,31,default,False
mibench/security/pgp/src/randpool.c::randPoolGetByte,mibench,pgp,security/pgp/src/randpool.c,randPoolGetByte,data/ir/mibench/pgp/randPoolGetByte__01325f2c17.ll,a51d687541453fcc,13,default,False
mibench/security/pgp/src/rsagen.c::derive_rsakeys,mibench,pgp,security/pgp/src/rsagen.c,derive_rsakeys,data/ir/mibench/pgp/derive_rsakeys__f827be9677.ll,d373cd89c67b67d5,102,default,False
mibench/security/pgp/src/rsaglue1.c::rsa_public_encrypt,mibench,pgp,security/pgp/src/rsaglue1.c,rsa_public_encrypt,data/ir/mibench/pgp/rsa_public_encrypt__6175b65087.ll,410431098053bd13,70,default,False
mibench/security/pgp/src/strtol.c::strtol,mibench,pgp,security/pgp/src/strtol.c,strtol,data/ir/mibench/pgp/strtol__0a1cb9b253.ll,68f8b8c56b783f52,160,default,False
mibench/security/pgp/src/zbits.c::send_bits,mibench,pgp,security/pgp/src/zbits.c,send_bits,data/ir/mibench/pgp/send_bits__f95005d377.ll,760a3c90b1fb68ce,54,default,False
mibench/security/pgp/src/zbits.c::bi_windup,mibench,pgp,security/pgp/src/zbits.c,bi_windup,data/ir/mibench/pgp/bi_windup__89667292a1.ll,6ee799c35b59d6f1,39,default,False
mibench/security/pgp/src/zfile_io.c::FillInBuf,mibench,pgp,security/pgp/src/zfile_io.c,FillInBuf,data/ir/mibench/pgp/FillInBuf__03b3a6fa4c.ll,f871b1e046cc6c3e,29,legacy_c89,False
mibench/security/pgp/src/zinflate.c::inflate_fixed,mibench,pgp,security/pgp/src/zinflate.c,inflate_fixed,data/ir/mibench/pgp/inflate_fixed__284f29f0b7.ll,47fe4c7d0ee31542,84,legacy_c89,False
mibench/security/pgp/src/zinflate.c::inflate_block,mibench,pgp,security/pgp/src/zinflate.c,inflate_block,data/ir/mibench/pgp/inflate_block__9467c25db9.ll,a1bb583d459eead4,76,legacy_c89,False
mibench/security/pgp/src/zinflate.c::inflate_entry,mibench,pgp,security/pgp/src/zinflate.c,inflate_entry,data/ir/mibench/pgp/inflate_entry__715ea33955.ll,030d19c96c1a3aa8,27,legacy_c89,False
mibench/security/pgp/src/ztrees.c::flush_block,mibench,pgp,security/pgp/src/ztrees.c,flush_block,data/ir/mibench/pgp/flush_block__d9d4f39705.ll,1c26d2c3811e34c8,89,default,False
mibench/security/pgp/src/ztrees.c::build_tree,mibench,pgp,security/pgp/src/ztrees.c,build_tree,data/ir/mibench/pgp/build_tree__ef190a926e.ll,38a91e3045c21ebe,183,default,False
mibench/security/pgp/src/ztrees.c::build_bl_tree,mibench,pgp,security/pgp/src/ztrees.c,build_bl_tree,data/ir/mibench/pgp/build_bl_tree__4dbe17a031.ll,084ac0ea27131345,33,default,False
mibench/security/pgp/src/ztrees.c::compress_block,mibench,pgp,security/pgp/src/ztrees.c,compress_block,data/ir/mibench/pgp/compress_block__9900987ed7.ll,ab7be7f90e7ce81e,131,default,False
mibench/security/pgp/src/ztrees.c::send_all_trees,mibench,pgp,security/pgp/src/ztrees.c,send_all_trees,data/ir/mibench/pgp/send_all_trees__0d48e396b1.ll,ce94f28cf004cd6b,27,default,False
mibench/security/pgp/src/ztrees.c::ct_tally,mibench,pgp,security/pgp/src/ztrees.c,ct_tally,data/ir/mibench/pgp/ct_tally__07127478e4.ll,f8499575f55331b2,140,default,False
mibench/security/pgp/src/ztrees.c::pqdownheap,mibench,pgp,security/pgp/src/ztrees.c,pqdownheap,data/ir/mibench/pgp/pqdownheap__172b9a0fb8.ll,80a50ba55bc390ca,127,default,False
mibench/security/pgp/src/zunzip.c::unzip,mibench,pgp,security/pgp/src/zunzip.c,unzip,data/ir/mibench/pgp/unzip__59c71cc3ff.ll,51403e265254b073,72,legacy_c89,False
mibench/automotive/qsort/qsort_large.c::compare,mibench,qsort,automotive/qsort/qsort_large.c,compare,data/ir/mibench/qsort/compare__33978ef17e.ll,ddf9916b730adbae,13,default,False
mibench/automotive/qsort/qsort_large.c::main,mibench,qsort,automotive/qsort/qsort_large.c,main,data/ir/mibench/qsort/main__76882eb50a.ll,e62df262347c00ec,87,default,False
mibench/automotive/qsort/qsort_small.c::compare,mibench,qsort,automotive/qsort/qsort_small.c,compare,data/ir/mibench/qsort/compare__1220856f40.ll,019ba67980f67722,14,default,False
mibench/automotive/qsort/qsort_small.c::main,mibench,qsort,automotive/qsort/qsort_small.c,main,data/ir/mibench/qsort/main__f1fcdf2858.ll,48d1c406bf97fb72,42,default,False
mibench/security/rijndael/aes.c::set_key,mibench,rijndael,security/rijndael/aes.c,set_key,data/ir/mibench/rijndael/set_key__06eaaa6291.ll,6c4662b0fea19c30,581,default,False
mibench/security/rijndael/aes.c::encrypt,mibench,rijndael,security/rijndael/aes.c,encrypt,data/ir/mibench/rijndael/encrypt__695155dd0f.ll,d7f52aa7edf6aaf8,2129,default,False
mibench/security/rijndael/aes.c::decrypt,mibench,rijndael,security/rijndael/aes.c,decrypt,data/ir/mibench/rijndael/decrypt__3ce14e40eb.ll,ef1431cbf25bbf0c,2129,default,False
mibench/security/sha/sha.c::sha_init,mibench,sha,security/sha/sha.c,sha_init,data/ir/mibench/sha/sha_init__876a9df5c4.ll,f770e8c5ff0ce7f6,20,default,False
mibench/security/sha/sha.c::sha_update,mibench,sha,security/sha/sha.c,sha_update,data/ir/mibench/sha/sha_update__4bb40cf5c0.ll,1bdfe942fb11ff96,46,default,False
mibench/security/sha/sha.c::byte_reverse,mibench,sha,security/sha/sha.c,byte_reverse,data/ir/mibench/sha/byte_reverse__d51c3610f4.ll,5cb31637607df3a7,46,default,False
mibench/security/sha/sha.c::sha_transform,mibench,sha,security/sha/sha.c,sha_transform,data/ir/mibench/sha/sha_transform__77e3c8c1e9.ll,9450dc1fdf287c40,198,default,False
mibench/security/sha/sha.c::sha_final,mibench,sha,security/sha/sha.c,sha_final,data/ir/mibench/sha/sha_final__943e6a77f6.ll,2dbe689347b7f251,46,default,False
mibench/security/sha/sha.c::sha_stream,mibench,sha,security/sha/sha.c,sha_stream,data/ir/mibench/sha/sha_stream__93586176e5.ll,cb9e1fbc11f22e2a,13,default,False
mibench/security/sha/sha.c::sha_print,mibench,sha,security/sha/sha.c,sha_print,data/ir/mibench/sha/sha_print__e860592c72.ll,46573bb9f06e9785,17,default,False
mibench/security/sha/sha_driver.c::main,mibench,sha,security/sha/sha_driver.c,main,data/ir/mibench/sha/main__c878940c9c.ll,70ea7639b59fdb9e,28,default,False
mibench/office/sphinx/src/examples/allphone-test.c::main,mibench,sphinx,office/sphinx/src/examples/allphone-test.c,main,data/ir/mibench/sphinx/main__ebd1638265.ll,05c9cd292c18a502,32,default,False
mibench/office/sphinx/src/examples/clicore.c::cli_recv_block,mibench,sphinx,office/sphinx/src/examples/clicore.c,cli_recv_block,data/ir/mibench/sphinx/cli_recv_block__83a1e63bec.ll,f42c885755ebf3a0,35,default,False
mibench/office/sphinx/src/examples/clicore.c::cli_close,mibench,sphinx,office/sphinx/src/examples/clicore.c,cli_close,data/ir/mibench/sphinx/cli_close__4c78bc3b44.ll,55cf49065691b086,11,default,False
mibench/office/sphinx/src/examples/srvcore.c::server_close_conn,mibench,sphinx,office/sphinx/src/examples/srvcore.c,server_close_conn,data/ir/mibench/sphinx/server_close_conn__95d6a88bfb.ll,de6dc3d14152858c,12,default,False
mibench/office/sphinx/src/examples/srvcore.c::server_await_conn,mibench,sphinx,office/sphinx/src/examples/srvcore.c,server_await_conn,data/ir/mibench/sphinx/server_await_conn__a654e16064.ll,bb240d2e125c4b0d,44,default,False
mibench/office/sphinx/src/libsphinx2/CM_funcs.c::_CM_fopenp,mibench,sphinx,office/sphinx/src/libsphinx2/CM_funcs.c,_CM_fopenp,data/ir/mibench/sphinx/_CM_fopenp__657e4394af.ll,a4bd19012ef4c0ac,14,default,False
mibench/office/sphinx/src/libsphinx2/CM_funcs.c::_CM_3dcalloc,mibench,sphinx,office/sphinx/src/libsphinx2/CM_funcs.c,_CM_3dcalloc,data/ir/mibench/sphinx/_CM_3dcalloc__df72ce6d02.ll,192ba5f39f78db02,66,default,False
mibench/office/sphinx/src/libsphinx2/allphone.c::allphone_chan_prune,mibench,sphinx,office/sphinx/src/libsphinx2/allphone.c,allphone_chan_prune,data/ir/mibench/sphinx/allphone_chan_prune__8a10ee9aa7.ll,d17b7f951ac946b3,45,default,False
mibench/office/sphinx/src/libsphinx2/allphone.c::allphone_init,mibench,sphinx,office/sphinx/src/libsphinx2/allphone.c,allphone_init,data/ir/mibench/sphinx/allphone_init__c976db42de.ll,53256860f83cce47,96,default,False
mibench/office/sphinx/src/libsphinx2/allphone.c::allphone_bp_entry,mibench,sphinx,office/sphinx/src/libsphinx2/allphone.c,allphone_bp_entry,data/ir/mibench/sphinx/allphone_bp_entry__e476fd2046.ll,aaf3edab264d547a,51,default,False
mibench/office/sphinx/src/libsphinx2/areadfloat.c::areadfloat,mibench,sphinx,office/sphinx/src/libsphinx2/areadfloat.c,areadfloat,data/ir/mibench/sphinx/areadfloat__35f353816d.ll,b597a3b92df3580b,99,default,False
mibench/office/sphinx/src/libsphinx2/areadshort.c::areadshort,mibench,sphinx,office/sphinx/src/libsphinx2/areadshort.c,areadshort,data/ir/mibench/sphinx/areadshort__00aee01883.ll,f1e1bae4e7e6b29f,88,default,False
mibench/office/sphinx/src/libsphinx2/cache_lm.c::cache_lm_init,mibench,sphinx,office/sphinx/src/libsphinx2/cache_lm.c,cache_lm_init,data/ir/mibench/sphinx/cache_lm_init__6f1a07346a.ll,2bf270287d7c8a82,155,default,False
mibench/office/sphinx/src/libsphinx2/dict.c::dict_load,mibench,sphinx,office/sphinx/src/libsphinx2/dict.c,dict_load,data/ir/mibench/sphinx/dict_load__8159a799b2.ll,ee6fae072e858533,180,default,False
mibench/office/sphinx/src/libsphinx2/dict.c::buildEntryTable,mibench,sphinx,office/sphinx/src/libsphinx2/dict.c,buildEntryTable,data/ir/mibench/sphinx/buildEntryTable__2e1249689b.ll,c1cc57d639fea27d,149,default,False
mibench/office/sphinx/src/libsphinx2/dict.c::dict_write_oovdict,mibench,sphinx,office/sphinx/src/libsphinx2/dict.c,dict_write_oovdict,data/ir/mibench/sphinx/dict_write_oovdict__b94a88d761.ll,2474992ba9dcc2e0,63,default,False
mibench/office/sphinx/src/libsphinx2/err.c::_E__pr_info_header,mibench,sphinx,office/sphinx/src/libsphinx2/err.c,_E__pr_info_header,data/ir/mibench/sphinx/_E__pr_info_header__7e9038ac11.ll,11d6549f915af59e,10,legacy_c89,False
mibench/office/sphinx/src/libsphinx2/fbs_main.c::run_time_align_ctl_file,mibench,sphinx,office/sphinx/src/libsphinx2/fbs_main.c,run_time_align_ctl_file,data/ir/mibench/sphinx/run_time_align_ctl_file__f505a9be53.ll,0e2043274eac3c78,114,default,False
mibench/office/sphinx/src/libsphinx2/fbs_main.c::uttproc_parse_ctlfile_entry,mibench,sphinx,office/sphinx/src/libsphinx2/fbs_main.c,uttproc_parse_ctlfile_entry,data/ir/mibench/sphinx/uttproc_parse_ctlfile_entry__e6bf583e2b.ll,d32ce07ec37e6a79,32,default,False
mibench/office/sphinx/src/libsphinx2/fbs_main.c::run_sc_utterance,mibench,sphinx,office/sphinx/src/libsphinx2/fbs_main.c,run_sc_utterance,data/ir/mibench/sphinx/run_sc_utterance__e4428cb75e.ll,46ed44ebb285cbfb,181,default,False
mibench/office/sphinx/src/libsphinx2/fbs_main.c::uttfile_close,mibench,sphinx,office/sphinx/src/libsphinx2/fbs_main.c,uttfile_close,data/ir/mibench/sphinx/uttfile_close__10d940eff2.ll,fd07068624f3b01c,15,default,False
mibench/office/sphinx/src/libsphinx2/fbs_main.c::utt_file2feat,mibench,sphinx,office/sphinx/src/libsphinx2/fbs_main.c,utt_file2feat,data/ir/mibench/sphinx/utt_file2feat__ea79829ec8.ll,87be3ac7dfa41f61,59,default,False
mibench/office/sphinx/src/libsphinx2/fbs_main.c::cep_buf_read,mibench,sphinx,office/sphinx/src/libsphinx2/fbs_main.c,cep_buf_read,data/ir/mibench/sphinx/cep_buf_read__8b51f37f1e.ll,34ef67feaa36b5ff,16,default,False
mibench/office/sphinx/src/libsphinx2/fbs_main.c::time_align_utterance,mibench,sphinx,office/sphinx/src/libsphinx2/fbs_main.c,time_align_utterance,data/ir/mibench/sphinx/time_align_utterance__698ad1aba0.ll,533ca8d7e32644bc,156,default,False
mibench/office/sphinx/src/libsphinx2/fbs_main.c::mfcseg_extract,mibench,sphinx,office/sphinx/src/libsphinx2/fbs_main.c,mfcseg_extract,data/ir/mibench/sphinx/mfcseg_extract__b6ca514512.ll,c5f966f7a0407d11,42,default,False
mibench/office/sphinx/src/libsphinx2/fbs_main.c::nextarg,mibench,sphinx,office/sphinx/src/libsphinx2/fbs_main.c,nextarg,data/ir/mibench/sphinx/nextarg__9170dac5d9.ll,d548288a9b5de99f,93,default,False
mibench/office/sphinx/src/libsphinx2/hash.c::exception,mibench,sphinx,office/sphinx/src/libsphinx2/hash.c,exception,data/ir/mibench/sphinx/exception__4ee3694fef.ll,61fa555d3685b665,13,default,False
mibench/office/sphinx/src/libsphinx2/hash.c::hash_free,mibench,sphinx,office/sphinx/src/libsphinx2/hash.c,hash_free,data/ir/mibench/sphinx/hash_free__b11052edfb.ll,761135c5b48805bd,15,default,False
mibench/office/sphinx/src/libsphinx2/hash.c::hash_lookup,mibench,sphinx,office/sphinx/src/libsphinx2/hash.c,hash_lookup,data/ir/mibench/sphinx/hash_lookup__7e7a03f253.ll,d9608a82e7d53aca,82,default,False
mibench/office/sphinx/src/libsphinx2/hmm_tied_r.c::read_dists,mibench,sphinx,office/sphinx/src/libsphinx2/hmm_tied_r.c,read_dists,data/ir/mibench/sphinx/read_dists__759d12547b.ll,aaf21a0daf023837,128,default,False
mibench/office/sphinx/src/libsphinx2/hmm_tied_r.c::read_map_line,mibench,sphinx,office/sphinx/src/libsphinx2/hmm_tied_r.c,read_map_line,data/ir/mibench/sphinx/read_map_line__69ddb45fd0.ll,a8a616ab4d716dd3,44,default,False
mibench/office/sphinx/src/libsphinx2/hmm_tied_r.c::cmp_sseq,mibench,sphinx,office/sphinx/src/libsphinx2/hmm_tied_r.c,cmp_sseq,data/ir/mibench/sphinx/cmp_sseq__97a3b56fdd.ll,ccf506c47fedbb17,46,default,False
mibench/office/sphinx/src/libsphinx2/hmm_tied_r.c::cmp_dmap,mibench,sphinx,office/sphinx/src/libsphinx2/hmm_tied_r.c,cmp_dmap,data/ir/mibench/sphinx/cmp_dmap__62d041beab.ll,90ba6c4c062f3005,30,default,False
mibench/office/sphinx/src/libsphinx2/hmm_tied_r.c::senid2pid,mibench,sphinx,office/sphinx/src/libsphinx2/hmm_tied_r.c,senid2pid,data/ir/mibench/sphinx/senid2pid__1608290c16.ll,3ae8836251ad31e5,20,default,False
mibench/office/sphinx/src/libsphinx2/hmm_tied_r.c::normalize_out,mibench,sphinx,office/sphinx/src/libsphinx2/hmm_tied_r.c,normalize_out,data/ir/mibench/sphinx/normalize_out__51e222a825.ll,95ad54a679ed7315,122,default,False
mibench/office/sphinx/src/libsphinx2/hmm_tied_r.c::hmmArcNormalize,mibench,sphinx,office/sphinx/src/libsphinx2/hmm_tied_r.c,hmmArcNormalize,data/ir/mibench/sphinx/hmmArcNormalize__e1ad387223.ll,a0f7d4907770bdd8,61,default,False
mibench/office/sphinx/src/libsphinx2/kb_main.c::kbAddGrammar,mibench,sphinx,office/sphinx/src/libsphinx2/kb_main.c,kbAddGrammar,data/ir/mibench/sphinx/kbAddGrammar__37d11ecb0b.ll,f752e66a2f30f5a4,12,default,False
mibench/office/sphinx/src/libsphinx2/kb_main.c::kb,mibench,sphinx,office/sphinx/src/libsphinx2/kb_main.c,kb,data/ir/mibench/sphinx/kb__b5a904514a.ll,05c7dcb691933769,351,default,False
mibench/office/sphinx/src/libsphinx2/kb_main.c::kb_get_num_model_instances,mibench,sphinx,office/sphinx/src/libsphinx2/kb_main.c,kb_get_num_model_instances,data/ir/mibench/sphinx/kb_get_num_model_instances__aad47abd03.ll,b6af1cdc3e719c8e,23,default,False
mibench/office/sphinx/src/libsphinx2/list.c::list_unique_insert,mibench,sphinx,office/sphinx/src/libsphinx2/list.c,list_unique_insert,data/ir/mibench/sphinx/list_unique_insert__0a97899ddf.ll,f22ede65af861cc3,26,default,False
mibench/office/sphinx/src/libsphinx2/list.c::list_free,mibench,sphinx,office/sphinx/src/libsphinx2/list.c,list_free,data/ir/mibench/sphinx/list_free__5508d7dd90.ll,86c06b828eeafc35,17,default,False
mibench/office/sphinx/src/libsphinx2/list.c::list_index,mibench,sphinx,office/sphinx/src/libsphinx2/list.c,list_index,data/ir/mibench/sphinx/list_index__839ea29080.ll,5ebf002ee5676dc8,22,default,False
mibench/office/sphinx/src/libsphinx2/list.c::listRead,mibench,sphinx,office/sphinx/src/libsphinx2/list.c,listRead,data/ir/mibench/sphinx/listRead__d499539f51.ll,66435394ff11215b,25,default,False
mibench/office/sphinx/src/libsphinx2/live_norm.c::mean_norm_acc_sub,mibench,sphinx,office/sphinx/src/libsphinx2/live_norm.c,mean_norm_acc_sub,data/ir/mibench/sphinx/mean_norm_acc_sub__0f7c9fc4db.ll,f6f0db1da5673c11,35,default,False
mibench/office/sphinx/src/libsphinx2/lm.c::lm_bg_score,mibench,sphinx,office/sphinx/src/libsphinx2/lm.c,lm_bg_score,data/ir/mibench/sphinx/lm_bg_score__cb30ac95cd.ll,ba4588f8b326d564,30,default,False
mibench/office/sphinx/src/libsphinx2/lm_3g.c::lm_delete,mibench,sphinx,office/sphinx/src/libsphinx2/lm_3g.c,lm_delete,data/ir/mibench/sphinx/lm_delete__f880467f8f.ll,680c438da992e40c,114,default,False
mibench/office/sphinx/src/libsphinx2/lm_3g.c::lm3g_load,mibench,sphinx,office/sphinx/src/libsphinx2/lm_3g.c,lm3g_load,data/ir/mibench/sphinx/lm3g_load__f53d7a6c47.ll,b3dcae883808a438,448,default,False
mibench/office/sphinx/src/libsphinx2/lm_3g.c::vals_in_sorted_list,mibench,sphinx,office/sphinx/src/libsphinx2/lm_3g.c,vals_in_sorted_list,data/ir/mibench/sphinx/vals_in_sorted_list__cabe0d091d.ll,011b3246513498b1,22,default,False
mibench/office/sphinx/src/libsphinx2/lm_3g.c::lm_set_param,mibench,sphinx,office/sphinx/src/libsphinx2/lm_3g.c,lm_set_param,data/ir/mibench/sphinx/lm_set_param__0beb5109f2.ll,950418b28d6af559,352,default,False
mibench/office/sphinx/src/libsphinx2/lm_3g.c::lm3g_index2name,mibench,sphinx,office/sphinx/src/libsphinx2/lm_3g.c,lm3g_index2name,data/ir/mibench/sphinx/lm3g_index2name__2218cdc359.ll,a0a6959f82f4d55d,14,default,False
mibench/office/sphinx/src/libsphinx2/lm_3g.c::lm3g_ug_score,mibench,sphinx,office/sphinx/src/libsphinx2/lm_3g.c,lm3g_ug_score,data/ir/mibench/sphinx/lm3g_ug_score__c92c91f915.ll,a1b9eddcef770ba0,26,default,False
mibench/office/sphinx/src/libsphinx2/lm_3g.c::lm3g_bg_score,mibench,sphinx,office/sphinx/src/libsphinx2/lm_3g.c,lm3g_bg_score,data/ir/mibench/sphinx/lm3g_bg_score__e0b6ff6337.ll,7d7bd6fa735269cb,74,default,False
mibench/office/sphinx/src/libsphinx2/lm_3g.c::lm3g_cache_reset,mibench,sphinx,office/sphinx/src/libsphinx2/lm_3g.c,lm3g_cache_reset,data/ir/mibench/sphinx/lm3g_cache_reset__d97e1959f2.ll,62e9d4338c8ed004,46,default,False
mibench/office/sphinx/src/libsphinx2/lm_3g.c::fread_int32,mibench,sphinx,office/sphinx/src/libsphinx2/lm_3g.c,fread_int32,data/ir/mibench/sphinx/fread_int32__fd5eef2381.ll,b5ce91540bd2d380,24,default,False
mibench/office/sphinx/src/libsphinx2/lmclass.c::lmclass_set_dump,mibench,sphinx,office/sphinx/src/libsphinx2/lmclass.c,lmclass_set_dump,data/ir/mibench/sphinx/lmclass_set_dump__58c8315a2a.ll,97959779b9703e0d,17,default,False
mibench/office/sphinx/src/libsphinx2/lmclass.c::lmclass_add,mibench,sphinx,office/sphinx/src/libsphinx2/lmclass.c,lmclass_add,data/ir/mibench/sphinx/lmclass_add__7f45e2d32a.ll,ad28d6eb60709632,46,default,False
mibench/office/sphinx/src/libsphinx2/logmsg.c::log_error,mibench,sphinx,office/sphinx/src/libsphinx2/logmsg.c,log_error,data/ir/mibench/sphinx/log_error__cf62b9d7e7.ll,dbf4ad8a062a993c,15,default,False
mibench/office/sphinx/src/libsphinx2/longio.c::read_long,mibench,sphinx,office/sphinx/src/libsphinx2/longio.c,read_long,data/ir/mibench/sphinx/read_long__691d8c31a4.ll,27110e59506c8816,29,default,False
mibench/office/sphinx/src/libsphinx2/nxtarg.c::nxtarg,mibench,sphinx,office/sphinx/src/libsphinx2/nxtarg.c,nxtarg,data/ir/mibench/sphinx/nxtarg__2f7c27d0a1.ll,6f21ebfa4004f718,63,default,False
mibench/office/sphinx/src/libsphinx2/pconf.c::pusage,mibench,sphinx,office/sphinx/src/libsphinx2/pconf.c,pusage,data/ir/mibench/sphinx/pusage__9aa2f941a1.ll,77dba1cb9125ccac,23,default,False
mibench/office/sphinx/src/libsphinx2/pconf.c::SPrintVal,mibench,sphinx,office/sphinx/src/libsphinx2/pconf.c,SPrintVal,data/ir/mibench/sphinx/SPrintVal__e0069db58d.ll,af16d737ae02159f,72,default,False
mibench/office/sphinx/src/libsphinx2/phone.c::phone_read,mibench,sphinx,office/sphinx/src/libsphinx2/phone.c,phone_read,data/ir/mibench/sphinx/phone_read__a4caf85cc0.ll,ed222f1d502c9e8b,97,default,False
mibench/office/sphinx/src/libsphinx2/prime.c::primeNext,mibench,sphinx,office/sphinx/src/libsphinx2/prime.c,primeNext,data/ir/mibench/sphinx/primeNext__284d506cc4.ll,fcc55934c816685e,25,default,False
mibench/office/sphinx/src/libsphinx2/r_agc_noise.c::delete_background,mibench,sphinx,office/sphinx/src/libsphinx2/r_agc_noise.c,delete_background,data/ir/mibench/sphinx/delete_background__a92e21ed6f.ll,7e5f314d60f1541c,100,legacy_c89,False
mibench/office/sphinx/src/libsphinx2/sc_cbook_r.c::readCBFile,mibench,sphinx,office/sphinx/src/libsphinx2/sc_cbook_r.c,readCBFile,data/ir/mibench/sphinx/readCBFile__247f0ce786.ll,30fa3877cc553ef0,52,default,False
mibench/office/sphinx/src/libsphinx2/sc_cbook_r.c::readVarCBFile,mibench,sphinx,office/sphinx/src/libsphinx2/sc_cbook_r.c,readVarCBFile,data/ir/mibench/sphinx/readVarCBFile__73601590e2.ll,e632ea486e924a91,197,default,False
mibench/office/sphinx/src/libsphinx2/sc_vq.c::SCVQScores,mibench,sphinx,office/sphinx/src/libsphinx2/sc_vq.c,SCVQScores,data/ir/mibench/sphinx/SCVQScores__8f08716928.ll,f1762fea7af22490,193,legacy_c89,False
mibench/office/sphinx/src/libsphinx2/sc_vq.c::powDist,mibench,sphinx,office/sphinx/src/libsphinx2/sc_vq.c,powDist,data/ir/mibench/sphinx/powDist__c4903484f3.ll,ac28a9c1d646e766,101,legacy_c89,False
mibench/office/sphinx/src/libsphinx2/sc_vq.c::SCVQScores_all,mibench,sphinx,office/sphinx/src/libsphinx2/sc_vq.c,SCVQScores_all,data/ir/mibench/sphinx/SCVQScores_all__8f8ccac460.ll,f12ea66e35796c93,193,legacy_c89,False
mibench/office/sphinx/src/libsphinx2/sc_vq.c::SCVQInitFeat,mibench,sphinx,office/sphinx/src/libsphinx2/sc_vq.c,SCVQInitFeat,data/ir/mibench/sphinx/SCVQInitFeat__b0d3eccb6c.ll,68c7eb1fe0812470,80,legacy_c89,False
mibench/office/sphinx/src/libsphinx2/sc_vq.c::SCVQComputeScores_all,mibench,sphinx,office/sphinx/src/libsphinx2/sc_vq.c,SCVQComputeScores_all,data/ir/mibench/sphinx/SCVQComputeScores_all__55edfd3bd6.ll,c19a8eaa2eea077d,27,legacy_c89,False
mibench/office/sphinx/src/libsphinx2/sc_vq.c::get_scores4_8b_all,mibench,sphinx,office/sphinx/src/libsphinx2/sc_vq.c,get_scores4_8b_all,data/ir/mibench/sphinx/get_scores4_8b_all__0266eeae44.ll,df9aff95b6ce148f,17,legacy_c89,False
mibench/office/sphinx/src/libsphinx2/searchlat.c::search_get_alt,mibench,sphinx,office/sphinx/src/libsphinx2/searchlat.c,search_get_alt,data/ir/mibench/sphinx/search_get_alt__1141747d9c.ll,41bd515f0b76ca3f,260,default,False
mibench/office/sphinx/src/libsphinx2/searchlat.c::search_delete_saved_lattice,mibench,sphinx,office/sphinx/src/libsphinx2/searchlat.c,search_delete_saved_lattice,data/ir/mibench/sphinx/search_delete_saved_lattice__6d2ad2b2b3.ll,e43ee2ae4273144f,10,default,False
mibench/office/sphinx/src/libsphinx2/skipto.c::skipto,mibench,sphinx,office/sphinx/src/libsphinx2/skipto.c,skipto,data/ir/mibench/sphinx/skipto__c43017bbba.ll,4ca161d482a14814,38,default,False
mibench/office/sphinx/src/libsphinx2/strcasecmp.c::ulstrcmp,mibench,sphinx,office/sphinx/src/libsphinx2/strcasecmp.c,ulstrcmp,data/ir/mibench/sphinx/ulstrcmp__60992a5ae0.ll,d915d323a9360184,49,default,False
mibench/office/sphinx/src/libsphinx2/time_align.c::constituent_cnt,mibench,sphinx,office/sphinx/src/libsphinx2/time_align.c,constituent_cnt,data/ir/mibench/sphinx/constituent_cnt__00be4e3efc.ll,e09f3a4535174ad0,12,default,False
mibench/office/sphinx/src/libsphinx2/time_align.c::mk_compound_word_list,mibench,sphinx,office/sphinx/src/libsphinx2/time_align.c,mk_compound_word_list,data/ir/mibench/sphinx/mk_compound_word_list__b986fa6af7.ll,923cdcc8e42cb71c,135,default,False
mibench/office/sphinx/src/libsphinx2/time_align.c::time_align_init,mibench,sphinx,office/sphinx/src/libsphinx2/time_align.c,time_align_init,data/ir/mibench/sphinx/time_align_init__c60e7312ac.ll,b4e3d7cc56f75615,49,default,False
mibench/office/sphinx/src/libsphinx2/time_align.c::print_word_segment,mibench,sphinx,office/sphinx/src/libsphinx2/time_align.c,print_word_segment,data/ir/mibench/sphinx/print_word_segment__bd7e9981f9.ll,41350411d3ef7e1f,42,default,False
mibench/office/sphinx/src/libsphinx2/time_align.c::build_word_segment,mibench,sphinx,office/sphinx/src/libsphinx2/time_align.c,build_word_segment,data/ir/mibench/sphinx/build_word_segment__abaa11cf6d.ll,fc72a9b6739648cb,43,default,False
mibench/office/sphinx/src/libsphinx2/time_align.c::append_word,mibench,sphinx,office/sphinx/src/libsphinx2/time_align.c,append_word,data/ir/mibench/sphinx/append_word__4e52847aeb.ll,6fa53aa459496d1d,32,default,False
mibench/office/sphinx/src/libsphinx2/time_align.c::build_phone_segment,mibench,sphinx,office/sphinx/src/libsphinx2/time_align.c,build_phone_segment,data/ir/mibench/sphinx/build_phone_segment__63444f2e26.ll,45a0e5c407168815,31,default,False
mibench/office/sphinx/src/libsphinx2/time_align.c::find_active_senones,mibench,sphinx,office/sphinx/src/libsphinx2/time_align.c,find_active_senones,data/ir/mibench/sphinx/find_active_senones__f5685401ba.ll,4e4e9ece68c3d010,61,default,False
mibench/office/sphinx/src/libsphinx2/time_align.c::time_align_best_word_string,mibench,sphinx,office/sphinx/src/libsphinx2/time_align.c,time_align_best_word_string,data/ir/mibench/sphinx/time_align_best_word_string__f2c05b9494.ll,27df0df03b57636b,45,default,False
mibench/office/sphinx/src/libsphinx2/time_align.c::time_align_get_segmentation,mibench,sphinx,office/sphinx/src/libsphinx2/time_align.c,time_align_get_segmentation,data/ir/mibench/sphinx/time_align_get_segmentation__7f8b3d7f9f.ll,8352b32ec28a2cfe,14,default,False
mibench/office/sphinx/src/libsphinx2/time_align.c::mk_models,mibench,sphinx,office/sphinx/src/libsphinx2/time_align.c,mk_models,data/ir/mibench/sphinx/mk_models__c78e3ac63d.ll,610a172d70de7cfc,27,default,False
mibench/office/sphinx/src/libsphinx2/time_align.c::make_worst_score,mibench,sphinx,office/sphinx/src/libsphinx2/time_align.c,make_worst_score,data/ir/mibench/sphinx/make_worst_score__abd88e3862.ll,f1d4aa98d9036bea,28,default,False
mibench/office/sphinx/src/libsphinx2/util.c::swapLongBuf,mibench,sphinx,office/sphinx/src/libsphinx2/util.c,swapLongBuf,data/ir/mibench/sphinx/swapLongBuf__c2d933d91c.ll,3a97a6c4c3f31795,25,default,False
mibench/office/sphinx/src/libsphinx2/uttproc.c::uttproc_end,mibench,sphinx,office/sphinx/src/libsphinx2/uttproc.c,uttproc_end,data/ir/mibench/sphinx/uttproc_end__2c74a840a6.ll,1a5242bb62f7eca0,22,legacy_c89,False
mibench/office/sphinx/src/libsphinx2/uttproc.c::uttproc_rawdata,mibench,sphinx,office/sphinx/src/libsphinx2/uttproc.c,uttproc_rawdata,data/ir/mibench/sphinx/uttproc_rawdata__a4065f4bd3.ll,63ab37394f451ce2,148,legacy_c89,False
mibench/office/sphinx/src/libsphinx2/uttproc.c::uttproc_frame,mibench,sphinx,office/sphinx/src/libsphinx2/uttproc.c,uttproc_frame,data/ir/mibench/sphinx/uttproc_frame__502ab1b918.ll,7ca3ec1abc245636,57,legacy_c89,False
mibench/office/sphinx/src/libsphinx2/uttproc.c::uttproc_stop_utt,mibench,sphinx,office/sphinx/src/libsphinx2/uttproc.c,uttproc_stop_utt,data/ir/mibench/sphinx/uttproc_stop_utt__32f8d5a817.ll,7e269f35f51636a4,21,legacy_c89,False
mibench/office/sphinx/src/libsphinx2/uttproc.c::uttproc_partial_result,mibench,sphinx,office/sphinx/src/libsphinx2/uttproc.c,uttproc_partial_result,data/ir/mibench/sphinx/uttproc_partial_result__afd8511411.ll,9c050aad4e761178,15,legacy_c89,False
mibench/office/sphinx/src/libsphinx2/uttproc.c::uttprocSetcomp2rawfr,mibench,sphinx,office/sphinx/src/libsphinx2/uttproc.c,uttprocSetcomp2rawfr,data/ir/mibench/sphinx/uttprocSetcomp2rawfr__9ea851a1a0.ll,1e7d55ba77ba4e48,17,legacy_c89,False
mibench/office/sphinx/src/libsphinx2/uttproc.c::uttproc_set_rawlogdir,mibench,sphinx,office/sphinx/src/libsphinx2/uttproc.c,uttproc_set_rawlogdir,data/ir/mibench/sphinx/uttproc_set_rawlogdir__f2cb2a4932.ll,9120af8380a54751,21,legacy_c89,False
mibench/office/sphinx/src/libsphinx2/uttproc.c::uttproc_allphone_file,mibench,sphinx,office/sphinx/src/libsphinx2/uttproc.c,uttproc_allphone_file,data/ir/mibench/sphinx/uttproc_allphone_file__a517011d9d.ll,45ea445d2836bbb8,62,legacy_c89,False
mibench/office/sphinx/src/libsphinx2/uttproc.c::compute_features,mibench,sphinx,office/sphinx/src/libsphinx2/uttproc.c,compute_features,data/ir/mibench/sphinx/compute_features__377341d6c3.ll,a8ecbb2feba90cd3,22,legacy_c89,False
mibench/office/sphinx/src/libsphinx2fe/fe_sigproc.c::fe_create_2d,mibench,sphinx,office/sphinx/src/libsphinx2fe/fe_sigproc.c,fe_create_2d,data/ir/mibench/sphinx/fe_create_2d__47e1fe5e45.ll,0ae46b13b98bffd8,35,default,False
mibench/office/sphinx/src/libsphinx2fe/fe_sigproc.c::fe_pre_emphasis,mibench,sphinx,office/sphinx/src/libsphinx2fe/fe_sigproc.c,fe_pre_emphasis,data/ir/mibench/sphinx/fe_pre_emphasis__25a3b11cf3.ll,6fec203af18cac50,32,default,False
mibench/office/stringsearch/bmhasrch.c::bmha_init,mibench,stringsearch,office/stringsearch/bmhasrch.c,bmha_init,data/ir/mibench/stringsearch/bmha_init__f7f661c51e.ll,d5ce8d6160a1b097,94,default,False
mibench/office/stringsearch/bmhasrch.c::bmha_search,mibench,stringsearch,office/stringsearch/bmhasrch.c,bmha_search,data/ir/mibench/stringsearch/bmha_search__42f681170c.ll,be7e72536c99fbed,68,default,False
mibench/office/stringsearch/bmhisrch.c::bmhi_init,mibench,stringsearch,office/stringsearch/bmhisrch.c,bmhi_init,data/ir/mibench/stringsearch/bmhi_init__a12598b53f.ll,0ec92ecb2437dd2a,113,default,False
mibench/office/stringsearch/bmhisrch.c::bmhi_search,mibench,stringsearch,office/stringsearch/bmhisrch.c,bmhi_search,data/ir/mibench/stringsearch/bmhi_search__422a9ee0e4.ll,997c98477d272d7c,63,default,False
mibench/office/stringsearch/bmhsrch.c::bmh_init,mibench,stringsearch,office/stringsearch/bmhsrch.c,bmh_init,data/ir/mibench/stringsearch/bmh_init__24f0c690d4.ll,3c743b1add0fa594,67,default,False
mibench/office/stringsearch/bmhsrch.c::bmh_search,mibench,stringsearch,office/stringsearch/bmhsrch.c,bmh_search,data/ir/mibench/stringsearch/bmh_search__f2c4cabf9f.ll,b0796eb975609ec7,62,default,False
mibench/office/stringsearch/pbmsrch_large.c::init_search,mibench,stringsearch,office/stringsearch/pbmsrch_large.c,init_search,data/ir/mibench/stringsearch/init_search__b04f04fd14.ll,c96ef15fae9b40a1,30,legacy_c89,False
mibench/office/stringsearch/pbmsrch_large.c::strsearch,mibench,stringsearch,office/stringsearch/pbmsrch_large.c,strsearch,data/ir/mibench/stringsearch/strsearch__19bc775656.ll,9b2adc7f0687e380,45,legacy_c89,False
mibench/office/stringsearch/pbmsrch_large.c::main,mibench,stringsearch,office/stringsearch/pbmsrch_large.c,main,data/ir/mibench/stringsearch/main__a9572e9c7e.ll,3cbf66dc66d95cef,38,legacy_c89,False
mibench/office/stringsearch/pbmsrch_small.c::main,mibench,stringsearch,office/stringsearch/pbmsrch_small.c,main,data/ir/mibench/stringsearch/main__33f094f1a8.ll,bf511e271c7b5707,38,legacy_c89,False
mibench/automotive/susan/susan.c::usage,mibench,susan,automotive/susan/susan.c,usage,data/ir/mibench/susan/usage__844100490b.ll,27d5acbe9daa942f,15,legacy_c89,False
mibench/automotive/susan/susan.c::getint,mibench,susan,automotive/susan/susan.c,getint,data/ir/mibench/susan/getint__a75f57e04f.ll,62434009a6f5304b,40,legacy_c89,False
mibench/automotive/susan/susan.c::get_image,mibench,susan,automotive/susan/susan.c,get_image,data/ir/mibench/susan/get_image__8b78fb5c58.ll,6db2e630507c5bc5,55,legacy_c89,False
mibench/automotive/susan/susan.c::put_image,mibench,susan,automotive/susan/susan.c,put_image,data/ir/mibench/susan/put_image__972e2e522c.ll,8d48b35c6973b57f,21,legacy_c89,False
mibench/automotive/susan/susan.c::int_to_uchar,mibench,susan,automotive/susan/susan.c,int_to_uchar,data/ir/mibench/susan/int_to_uchar__b9523c5017.ll,58cb12038c36fa61,52,legacy_c89,False
mibench/automotive/susan/susan.c::setup_brightness_lut,mibench,susan,automotive/susan/susan.c,setup_brightness_lut,data/ir/mibench/susan/setup_brightness_lut__166ca16d3c.ll,3d84fa66bf061bdd,33,legacy_c89,False
mibench/automotive/susan/susan.c::susan_principle,mibench,susan,automotive/susan/susan.c,susan_principle,data/ir/mibench/susan/susan_principle__5bb0296d81.ll,275c1a5487b88b47,380,legacy_c89,False
mibench/automotive/susan/susan.c::susan_principle_small,mibench,susan,automotive/susan/susan.c,susan_principle_small,data/ir/mibench/susan/susan_principle_small__ebc72fdb48.ll,6c5e358ec96d9114,120,legacy_c89,False
mibench/automotive/susan/susan.c::median,mibench,susan,automotive/susan/susan.c,median,data/ir/mibench/susan/median__7df0db2c23.ll,dbf1c4973c14d56e,124,legacy_c89,False
mibench/automotive/susan/susan.c::enlarge,mibench,susan,automotive/susan/susan.c,enlarge,data/ir/mibench/susan/enlarge__bd40934d41.ll,dc5b1b575489fbce,141,legacy_c89,False
mibench/automotive/susan/susan.c::susan_smoothing,mibench,susan,automotive/susan/susan.c,susan_smoothing,data/ir/mibench/susan/susan_smoothing__e711a60b58.ll,a0d1c7b087a01ae3,355,legacy_c89,False
mibench/automotive/susan/susan.c::edge_draw,mibench,susan,automotive/susan/susan.c,edge_draw,data/ir/mibench/susan/edge_draw__e69f0265eb.ll,890553f5b810ad74,68,legacy_c89,False
mibench/automotive/susan/susan.c::susan_thin,mibench,susan,automotive/susan/susan.c,susan_thin,data/ir/mibench/susan/susan_thin__de49734342.ll,059f2bcba53d4349,1051,legacy_c89,False
mibench/automotive/susan/susan.c::susan_edges,mibench,susan,automotive/susan/susan.c,susan_edges,data/ir/mibench/susan/susan_edges__a9a41e904d.ll,d4df98def13d4495,1507,legacy_c89,False
mibench/automotive/susan/susan.c::susan_edges_small,mibench,susan,automotive/susan/susan.c,susan_edges_small,data/ir/mibench/susan/susan_edges_small__7b1400d57a.ll,c519a74135907fd1,479,legacy_c89,False
mibench/automotive/susan/susan.c::corner_draw,mibench,susan,automotive/susan/susan.c,corner_draw,data/ir/mibench/susan/corner_draw__8fd0f4b9a6.ll,47d673e6b3f4a9e9,67,legacy_c89,False
mibench/automotive/susan/susan.c::susan_corners,mibench,susan,automotive/susan/susan.c,susan_corners,data/ir/mibench/susan/susan_corners__837d77ff90.ll,bde30215b70ae5f1,1572,legacy_c89,False
mibench/automotive/susan/susan.c::susan_corners_quick,mibench,susan,automotive/susan/susan.c,susan_corners_quick,data/ir/mibench/susan/susan_corners_quick__5d938e8765.ll,143e079fd940bf23,1487,legacy_c89,False
mibench/automotive/susan/susan.c::main,mibench,susan,automotive/susan/susan.c,main,data/ir/mibench/susan/main__6b58029efe.ll,f558ec9f15e0affc,222,legacy_c89,False
mibench/consumer/tiff-v3.5.4/contrib/mac-mpw/mactrans.c::main,mibench,tiff-v3.5.4,consumer/tiff-v3.5.4/contrib/mac-mpw/mactrans.c,main,data/ir/mibench/tiff-v3.5.4/main__7aecde8204.ll,1e404fa9458ea348,15,legacy_c89,False
mibench/consumer/tiff-v3.5.4/contrib/mac-mpw/mactrans.c::to_ascii,mibench,tiff-v3.5.4,consumer/tiff-v3.5.4/contrib/mac-mpw/mactrans.c,to_ascii,data/ir/mibench/tiff-v3.5.4/to_ascii__ff79f8c2f0.ll,a60d2af4b552bac7,18,legacy_c89,False
mibench/consumer/tiff-v3.5.4/contrib/pds/tif_pdsdirread.c::TIFFReadPrivateDataSubDirectory,mibench,tiff-v3.5.4,consumer/tiff-v3.5.4/contrib/pds/tif_pdsdirread.c,TIFFReadPrivateDataSubDirectory,data/ir/mibench/tiff-v3.5.4/TIFFReadPrivateDataSubDirectory__20dda89ba9.ll,04f3a610d43e2262,308,default,False
mibench/consumer/tiff-v3.5.4/contrib/pds/tif_pdsdirread.c::TIFFFetchLongArray,mibench,tiff-v3.5.4,consumer/tiff-v3.5.4/contrib/pds/tif_pdsdirread.c,TIFFFetchLongArray,data/ir/mibench/tiff-v3.5.4/TIFFFetchLongArray__27e572290a.ll,98d63c94b063fe86,15,default,False
mibench/consumer/tiff-v3.5.4/contrib/pds/tif_pdsdirread.c::TIFFFetchRationalArray,mibench,tiff-v3.5.4,consumer/tiff-v3.5.4/contrib/pds/tif_pdsdirread.c,TIFFFetchRationalArray,data/ir/mibench/tiff-v3.5.4/TIFFFetchRationalArray__af0693bde6.ll,7bc881c7f32ef9e5,45,default,False
mibench/consumer/tiff-v3.5.4/contrib/pds/tif_pdsdirread.c::TIFFFetchString,mibench,tiff-v3.5.4,consumer/tiff-v3.5.4/contrib/pds/tif_pdsdirread.c,TIFFFetchString,data/ir/mibench/tiff-v3.5.4/TIFFFetchString__ef07b7c356.ll,3724dc0ed1bbf89a,23,default,False
mibench/consumer/tiff-v3.5.4/contrib/pds/tif_pdsdirread.c::TIFFFetchData,mibench,tiff-v3.5.4,consumer/tiff-v3.5.4/contrib/pds/tif_pdsdirread.c,TIFFFetchData,data/ir/mibench/tiff-v3.5.4/TIFFFetchData__5283255a67.ll,38e3027ecee2cb98,90,default,False
mibench/consumer/tiff-v3.5.4/contrib/pds/tif_pdsdirwrite.c::TIFFWriteLongArray,mibench,tiff-v3.5.4,consumer/tiff-v3.5.4/contrib/pds/tif_pdsdirwrite.c,TIFFWriteLongArray,data/ir/mibench/tiff-v3.5.4/TIFFWriteLongArray__fc30c9fced.ll,eeef87cd1bfc670b,19,default,False
mibench/consumer/tiff-v3.5.4/contrib/pds/tif_pdsdirwrite.c::TIFFWriteFloatArray,mibench,tiff-v3.5.4,consumer/tiff-v3.5.4/contrib/pds/tif_pdsdirwrite.c,TIFFWriteFloatArray,data/ir/mibench/tiff-v3.5.4/TIFFWriteFloatArray__2d7d29f04f.ll,fbc53bf68e558ec8,19,default,False
mibench/consumer/tiff-v3.5.4/contrib/pds/tif_pdsdirwrite.c::TIFFWriteDoubleArray,mibench,tiff-v3.5.4,consumer/tiff-v3.5.4/contrib/pds/tif_pdsdirwrite.c,TIFFWriteDoubleArray,data/ir/mibench/tiff-v3.5.4/TIFFWriteDoubleArray__ed95a002cd.ll,4bcb275e61f12b8c,10,default,False
mibench/consumer/tiff-v3.5.4/libtiff/mkspans.c::dumparray,mibench,tiff-v3.5.4,consumer/tiff-v3.5.4/libtiff/mkspans.c,dumparray,data/ir/mibench/tiff-v3.5.4/dumparray__12f7c79bd8.ll,11949ec0dc8d4d14,25,legacy_c89,False
mibench/consumer/tiff-v3.5.4/libtiff/mkversion.c::main,mibench,tiff-v3.5.4,consumer/tiff-v3.5.4/libtiff/mkversion.c,main,data/ir/mibench/tiff-v3.5.4/main__17429195a0.ll,497a4fd0983d30e8,152,default,False
mibench/consumer/tiff-v3.5.4/libtiff/tif_compress.c::_TIFFSetDefaultCompressionState,mibench,tiff-v3.5.4,consumer/tiff-v3.5.4/libtiff/tif_compress.c,_TIFFSetDefaultCompressionState,data/ir/mibench/tiff-v3.5.4/_TIFFSetDefaultCompressionState__8d231a1aa4.ll,e6e5d335139c3eac,37,default,False
mibench/consumer/tiff-v3.5.4/libtiff/tif_compress.c::TIFFSetCompressionScheme,mibench,tiff-v3.5.4,consumer/tiff-v3.5.4/libtiff/tif_compress.c,TIFFSetCompressionScheme,data/ir/mibench/tiff-v3.5.4/TIFFSetCompressionScheme__839646bd56.ll,3343361f857bbc04,12,default,False
mibench/consumer/tiff-v3.5.4/libtiff/tif_dir.c::TIFFVGetField,mibench,tiff-v3.5.4,consumer/tiff-v3.5.4/libtiff/tif_dir.c,TIFFVGetField,data/ir/mibench/tiff-v3.5.4/TIFFVGetField__738d2dcd7d.ll,f253c77ab37f464c,30,default,False
mibench/consumer/tiff-v3.5.4/libtiff/tif_dir.c::_TIFFVSetField,mibench,tiff-v3.5.4,consumer/tiff-v3.5.4/libtiff/tif_dir.c,_TIFFVSetField,data/ir/mibench/tiff-v3.5.4/_TIFFVSetField__9a13b11c3e.ll,e4634203fbccca49,1880,default,False
mibench/consumer/tiff-v3.5.4/libtiff/tif_dir.c::TIFFNumberOfDirectories,mibench,tiff-v3.5.4,consumer/tiff-v3.5.4/libtiff/tif_dir.c,TIFFNumberOfDirectories,data/ir/mibench/tiff-v3.5.4/TIFFNumberOfDirectories__911096f35f.ll,0793eb38cadfcc12,18,default,False
mibench/consumer/tiff-v3.5.4/libtiff/tif_dirinfo.c::_TIFFSetupFieldInfo,mibench,tiff-v3.5.4,consumer/tiff-v3.5.4/libtiff/tif_dirinfo.c,_TIFFSetupFieldInfo,data/ir/mibench/tiff-v3.5.4/_TIFFSetupFieldInfo__5547fb53a5.ll,c169409ddc1b280e,12,default,False
mibench/consumer/tiff-v3.5.4/libtiff/tif_dirread.c::CheckDirCount,mibench,tiff-v3.5.4,consumer/tiff-v3.5.4/libtiff/tif_dirread.c,CheckDirCount,data/ir/mibench/tiff-v3.5.4/CheckDirCount__0d43330fe7.ll,438ad8da15ace7f9,19,default,False
mibench/consumer/tiff-v3.5.4/libtiff/tif_dirread.c::TIFFFetchExtraSamples,mibench,tiff-v3.5.4,consumer/tiff-v3.5.4/libtiff/tif_dirread.c,TIFFFetchExtraSamples,data/ir/mibench/tiff-v3.5.4/TIFFFetchExtraSamples__220cc1a23d.ll,3f871132d5da18c7,38,default,False
mibench/consumer/tiff-v3.5.4/libtiff/tif_dirread.c::ChopUpSingleUncompressedStrip,mibench,tiff-v3.5.4,consumer/tiff-v3.5.4/libtiff/tif_dirread.c,ChopUpSingleUncompressedStrip,data/ir/mibench/tiff-v3.5.4/ChopUpSingleUncompressedStrip__96d2f246f7.ll,3f8e5584e68a06c0,80,default,False
mibench/consumer/tiff-v3.5.4/libtiff/tif_dirread.c::TIFFFetchRationalArray,mibench,tiff-v3.5.4,consumer/tiff-v3.5.4/libtiff/tif_dirread.c,TIFFFetchRationalArray,data/ir/mibench/tiff-v3.5.4/TIFFFetchRationalArray__3f12d0250b.ll,1e1d99edf1b7088f,45,default,False
mibench/consumer/tiff-v3.5.4/libtiff/tif_dirwrite.c::TIFFLinkDirectory,mibench,tiff-v3.5.4,consumer/tiff-v3.5.4/libtiff/tif_dirwrite.c,TIFFLinkDirectory,data/ir/mibench/tiff-v3.5.4/TIFFLinkDirectory__07f00e5d3e.ll,8880e1a279f49ec2,164,default,False
mibench/consumer/tiff-v3.5.4/libtiff/tif_dumpmode.c::TIFFInitDumpMode,mibench,tiff-v3.5.4,consumer/tiff-v3.5.4/libtiff/tif_dumpmode.c,TIFFInitDumpMode,data/ir/mibench/tiff-v3.5.4/TIFFInitDumpMode__76de751ad5.ll,17642ade3233e53e,15,default,False
mibench/consumer/tiff-v3.5.4/libtiff/tif_fax3.c::Fax4Decode,mibench,tiff-v3.5.4,consumer/tiff-v3.5.4/libtiff/tif_fax3.c,Fax4Decode,data/ir/mibench/tiff-v3.5.4/Fax4Decode__73d1974e12.ll,51bb1fbefcbd17ea,1157,default,False
mibench/consumer/tiff-v3.5.4/libtiff/tif_fax3.c::Fax3DecodeRLE,mibench,tiff-v3.5.4,consumer/tiff-v3.5.4/libtiff/tif_fax3.c,Fax3DecodeRLE,data/ir/mibench/tiff-v3.5.4/Fax3DecodeRLE__371ec94c0c.ll,6fb4e80f7c6ad89f,564,default,False
mibench/consumer/tiff-v3.5.4/libtiff/tif_fax3.c::Fax3PrintDir,mibench,tiff-v3.5.4,consumer/tiff-v3.5.4/libtiff/tif_fax3.c,Fax3PrintDir,data/ir/mibench/tiff-v3.5.4/Fax3PrintDir__ba83fde38a.ll,58c361134d8ecaee,137,default,False
mibench/consumer/tiff-v3.5.4/libtiff/tif_fax3.c::Fax3PreEncode,mibench,tiff-v3.5.4,consumer/tiff-v3.5.4/libtiff/tif_fax3.c,Fax3PreEncode,data/ir/mibench/tiff-v3.5.4/Fax3PreEncode__01ff645bec.ll,954e5a795e881f24,59,default,False
mibench/consumer/tiff-v3.5.4/libtiff/tif_fax3.c::Fax3PostEncode,mibench,tiff-v3.5.4,consumer/tiff-v3.5.4/libtiff/tif_fax3.c,Fax3PostEncode,data/ir/mibench/tiff-v3.5.4/Fax3PostEncode__9d8cc7ac3e.ll,4bb1d8d20e6b56ce,32,default,False
mibench/consumer/tiff-v3.5.4/libtiff/tif_fax3.c::find0span,mibench,tiff-v3.5.4,consumer/tiff-v3.5.4/libtiff/tif_fax3.c,find0span,data/ir/mibench/tiff-v3.5.4/find0span__ef8062807f.ll,521b3c7d52e9ecb8,122,default,False
mibench/consumer/tiff-v3.5.4/libtiff/tif_getimage.c::isCCITTCompression,mibench,tiff-v3.5.4,consumer/tiff-v3.5.4/libtiff/tif_getimage.c,isCCITTCompression,data/ir/mibench/tiff-v3.5.4/isCCITTCompression__914ac30d8f.ll,49a048edce11f597,21,default,False
mibench/consumer/tiff-v3.5.4/libtiff/tif_getimage.c::gtTileContig,mibench,tiff-v3.5.4,consumer/tiff-v3.5.4/libtiff/tif_getimage.c,gtTileContig,data/ir/mibench/tiff-v3.5.4/gtTileContig__a475e1db2c.ll,5a64399b88672e7d,102,default,False
mibench/consumer/tiff-v3.5.4/libtiff/tif_getimage.c::buildMap,mibench,tiff-v3.5.4,consumer/tiff-v3.5.4/libtiff/tif_getimage.c,buildMap,data/ir/mibench/tiff-v3.5.4/buildMap__410c74c0a3.ll,55d3a72587fd957a,39,default,False
mibench/consumer/tiff-v3.5.4/libtiff/tif_getimage.c::putRGBAAcontig16bittile,mibench,tiff-v3.5.4,consumer/tiff-v3.5.4/libtiff/tif_getimage.c,putRGBAAcontig16bittile,data/ir/mibench/tiff-v3.5.4/putRGBAAcontig16bittile__7a494b7218.ll,9383be5a06d8310c,58,default,False
mibench/consumer/tiff-v3.5.4/libtiff/tif_getimage.c::put4bitcmaptile,mibench,tiff-v3.5.4,consumer/tiff-v3.5.4/libtiff/tif_getimage.c,put4bitcmaptile,data/ir/mibench/tiff-v3.5.4/put4bitcmaptile__ef8c77f642.ll,5d04911bdffb8c09,50,default,False
mibench/consumer/tiff-v3.5.4/libtiff/tif_getimage.c::putgreytile,mibench,tiff-v3.5.4,consumer/tiff-v3.5.4/libtiff/tif_getimage.c,putgreytile,data/ir/mibench/tiff-v3.5.4/putgreytile__ddf8ee9b95.ll,faab69ccab647447,30,default,False
mibench/consumer/tiff-v3.5.4/libtiff/tif_getimage.c::put2bitbwtile,mibench,tiff-v3.5.4,consumer/tiff-v3.5.4/libtiff/tif_getimage.c,put2bitbwtile,data/ir/mibench/tiff-v3.5.4/put2bitbwtile__418c9c816c.ll,243417e545d5de7e,75,default,False
mibench/consumer/tiff-v3.5.4/libtiff/tif_getimage.c::putcontig8bitYCbCr44tile,mibench,tiff-v3.5.4,consumer/tiff-v3.5.4/libtiff/tif_getimage.c,putcontig8bitYCbCr44tile,data/ir/mibench/tiff-v3.5.4/putcontig8bitYCbCr44tile__ccb5a6c625.ll,41ff9e82c3b454c6,702,default,False
mibench/consumer/tiff-v3.5.4/libtiff/tif_getimage.c::putRGBUAseparate8bittile,mibench,tiff-v3.5.4,consumer/tiff-v3.5.4/libtiff/tif_getimage.c,putRGBUAseparate8bittile,data/ir/mibench/tiff-v3.5.4/putRGBUAseparate8bittile__229aeabaf4.ll,b14166788ae61a07,54,default,False
mibench/consumer/tiff-v3.5.4/libtiff/tif_getimage.c::putRGBseparate16bittile,mibench,tiff-v3.5.4,consumer/tiff-v3.5.4/libtiff/tif_getimage.c,putRGBseparate16bittile,data/ir/mibench/tiff-v3.5.4/putRGBseparate16bittile__74b6c4af33.ll,6dfa3402e0641f35,51,default,False
mibench/consumer/tiff-v3.5.4/libtiff/tif_luv.c::LogLuvCleanup,mibench,tiff-v3.5.4,consumer/tiff-v3.5.4/libtiff/tif_luv.c,LogLuvCleanup,data/ir/mibench/tiff-v3.5.4/LogLuvCleanup__9dec609b4e.ll,7c53d57a403a7f43,17,default,False
mibench/consumer/tiff-v3.5.4/libtiff/tif_luv.c::LogLuvVSetField,mibench,tiff-v3.5.4,consumer/tiff-v3.5.4/libtiff/tif_luv.c,LogLuvVSetField,data/ir/mibench/tiff-v3.5.4/LogLuvVSetField__d9cf780571.ll,35be4e568aa12c71,52,default,False
mibench/consumer/tiff-v3.5.4/libtiff/tif_luv.c::LogLuvInitState,mibench,tiff-v3.5.4,consumer/tiff-v3.5.4/libtiff/tif_luv.c,LogLuvInitState,data/ir/mibench/tiff-v3.5.4/LogLuvInitState__782847ded7.ll,abf68ce50775e48c,76,default,False
mibench/consumer/tiff-v3.5.4/libtiff/tif_luv.c::LogL16InitState,mibench,tiff-v3.5.4,consumer/tiff-v3.5.4/libtiff/tif_luv.c,LogL16InitState,data/ir/mibench/tiff-v3.5.4/LogL16InitState__8ce39552f2.ll,7df1828f2dd49d75,66,default,False
mibench/consumer/tiff-v3.5.4/libtiff/tif_luv.c::uv_decode,mibench,tiff-v3.5.4,consumer/tiff-v3.5.4/libtiff/tif_luv.c,uv_decode,data/ir/mibench/tiff-v3.5.4/uv_decode__471005ab90.ll,e09e8f22a3d0f5f5,53,default,False
mibench/consumer/tiff-v3.5.4/libtiff/tif_luv.c::pix16toY,mibench,tiff-v3.5.4,consumer/tiff-v3.5.4/libtiff/tif_luv.c,pix16toY,data/ir/mibench/tiff-v3.5.4/pix16toY__4176adfdca.ll,d59f104355eba530,16,default,False
mibench/consumer/tiff-v3.5.4/libtiff/tif_luv.c::Luv24fromXYZ,mibench,tiff-v3.5.4,consumer/tiff-v3.5.4/libtiff/tif_luv.c,Luv24fromXYZ,data/ir/mibench/tiff-v3.5.4/Luv24fromXYZ__5974caecb4.ll,b698a64c8dc5f3c1,15,default,False
mibench/consumer/tiff-v3.5.4/libtiff/tif_luv.c::Luv32fromLuv48,mibench,tiff-v3.5.4,consumer/tiff-v3.5.4/libtiff/tif_luv.c,Luv32fromLuv48,data/ir/mibench/tiff-v3.5.4/Luv32fromLuv48__0e204b0581.ll,54f77ca6a1e58f96,32,default,False
mibench/consumer/tiff-v3.5.4/libtiff/tif_luv.c::uv_encode,mibench,tiff-v3.5.4,consumer/tiff-v3.5.4/libtiff/tif_luv.c,uv_encode,data/ir/mibench/tiff-v3.5.4/uv_encode__2d34bbd9b3.ll,e4ce28c96cb8dae5,42,default,False
mibench/consumer/tiff-v3.5.4/libtiff/tif_next.c::NeXTDecode,mibench,tiff-v3.5.4,consumer/tiff-v3.5.4/libtiff/tif_next.c,NeXTDecode,data/ir/mibench/tiff-v3.5.4/NeXTDecode__dc58fd71fc.ll,23c92c1a0cd4adb8,151,default,False
mibench/consumer/tiff-v3.5.4/libtiff/tif_open.c::_TIFFgetMode,mibench,tiff-v3.5.4,consumer/tiff-v3.5.4/libtiff/tif_open.c,_TIFFgetMode,data/ir/mibench/tiff-v3.5.4/_TIFFgetMode__9e167c7fc8.ll,1283cdf8186ace98,25,default,False
mibench/consumer/tiff-v3.5.4/libtiff/tif_packbits.c::PackBitsPreEncode,mibench,tiff-v3.5.4,consumer/tiff-v3.5.4/libtiff/tif_packbits.c,PackBitsPreEncode,data/ir/mibench/tiff-v3.5.4/PackBitsPreEncode__1d80db4d49.ll,dc7cb870bf66fb6b,16,default,False
mibench/consumer/tiff-v3.5.4/libtiff/tif_predict.c::PredictorVSetField,mibench,tiff-v3.5.4,consumer/tiff-v3.5.4/libtiff/tif_predict.c,PredictorVSetField,data/ir/mibench/tiff-v3.5.4/PredictorVSetField__bd526764e9.ll,275da6997101eea1,42,default,False
mibench/consumer/tiff-v3.5.4/libtiff/tif_predict.c::horDiff16,mibench,tiff-v3.5.4,consumer/tiff-v3.5.4/libtiff/tif_predict.c,horDiff16,data/ir/mibench/tiff-v3.5.4/horDiff16__140c38dfb6.ll,f180952346dd2323,92,default,False
mibench/consumer/tiff-v3.5.4/libtiff/tif_read.c::TIFFCheckRead,mibench,tiff-v3.5.4,consumer/tiff-v3.5.4/libtiff/tif_read.c,TIFFCheckRead,data/ir/mibench/tiff-v3.5.4/TIFFCheckRead__61773c2acf.ll,142deee933d11cc3,26,default,False
mibench/consumer/tiff-v3.5.4/libtiff/tif_read.c::TIFFReadRawTile1,mibench,tiff-v3.5.4,consumer/tiff-v3.5.4/libtiff/tif_read.c,TIFFReadRawTile1,data/ir/mibench/tiff-v3.5.4/TIFFReadRawTile1__c8da875857.ll,6c98a6098464a541,81,default,False
mibench/consumer/tiff-v3.5.4/libtiff/tif_strip.c::_TIFFDefaultStripSize,mibench,tiff-v3.5.4,consumer/tiff-v3.5.4/libtiff/tif_strip.c,_TIFFDefaultStripSize,data/ir/mibench/tiff-v3.5.4/_TIFFDefaultStripSize__92542185b7.ll,7748ed47f39a4aef,16,default,False
mibench/consumer/tiff-v3.5.4/libtiff/tif_strip.c::TIFFRasterScanlineSize,mibench,tiff-v3.5.4,consumer/tiff-v3.5.4/libtiff/tif_strip.c,TIFFRasterScanlineSize,data/ir/mibench/tiff-v3.5.4/TIFFRasterScanlineSize__7d55781cf2.ll,d1ab87cbe3eb5568,28,default,False
mibench/consumer/tiff-v3.5.4/libtiff/tif_thunder.c::ThunderDecode,mibench,tiff-v3.5.4,consumer/tiff-v3.5.4/libtiff/tif_thunder.c,ThunderDecode,data/ir/mibench/tiff-v3.5.4/ThunderDecode__04b73b5fc7.ll,bff49902f92b8310,260,default,False
mibench/consumer/tiff-v3.5.4/libtiff/tif_tile.c::TIFFCheckTile,mibench,tiff-v3.5.4,consumer/tiff-v3.5.4/libtiff/tif_tile.c,TIFFCheckTile,data/ir/mibench/tiff-v3.5.4/TIFFCheckTile__6b47d0dda1.ll,8736d55b2f623f2b,53,default,False
mibench/consumer/tiff-v3.5.4/libtiff/tif_tile.c::TIFFVTileSize,mibench,tiff-v3.5.4,consumer/tiff-v3.5.4/libtiff/tif_tile.c,TIFFVTileSize,data/ir/mibench/tiff-v3.5.4/TIFFVTileSize__9dd7fa6f12.ll,a66d0a4d79c08489,95,default,False
mibench/consumer/tiff-v3.5.4/libtiff/tif_tile.c::_TIFFDefaultTileSize,mibench,tiff-v3.5.4,consumer/tiff-v3.5.4/libtiff/tif_tile.c,_TIFFDefaultTileSize,data/ir/mibench/tiff-v3.5.4/_TIFFDefaultTileSize__644969d6f7.ll,ff70119ce6e0afe9,31,default,False
mibench/consumer/tiff-v3.5.4/libtiff/tif_unix.c::_tiffSizeProc,mibench,tiff-v3.5.4,consumer/tiff-v3.5.4/libtiff/tif_unix.c,_tiffSizeProc,data/ir/mibench/tiff-v3.5.4/_tiffSizeProc__f443ddebd3.ll,d30aedd61691f8ba,11,default,False
mibench/consumer/tiff-v3.5.4/libtiff/tif_write.c::TIFFWriteCheck,mibench,tiff-v3.5.4,consumer/tiff-v3.5.4/libtiff/tif_write.c,TIFFWriteCheck,data/ir/mibench/tiff-v3.5.4/TIFFWriteCheck__c3c540d4bb.ll,42208ccaed50388b,79,default,False
mibench/consumer/tiff-v3.5.4/libtiff/tif_write.c::TIFFGrowStrips,mibench,tiff-v3.5.4,consumer/tiff-v3.5.4/libtiff/tif_write.c,TIFFGrowStrips,data/ir/mibench/tiff-v3.5.4/TIFFGrowStrips__875d9a6e3b.ll,0a913cbc7d25df0c,67,default,False
mibench/consumer/tiff-v3.5.4/libtiff/tif_write.c::TIFFFlushData1,mibench,tiff-v3.5.4,consumer/tiff-v3.5.4/libtiff/tif_write.c,TIFFFlushData1,data/ir/mibench/tiff-v3.5.4/TIFFFlushData1__b8219815fb.ll,3b84a697ab802077,54,default,False
mibench/consumer/tiff-v3.5.4/tools/fax2tiff.c::usage,mibench,tiff-v3.5.4,consumer/tiff-v3.5.4/tools/fax2tiff.c,usage,data/ir/mibench/tiff-v3.5.4/usage__ba85e98cb0.ll,ab110604a0c69485,21,default,False
mibench/consumer/tiff-v3.5.4/tools/gif2tiff.c::checksignature,mibench,tiff-v3.5.4,consumer/tiff-v3.5.4/tools/gif2tiff.c,checksignature,data/ir/mibench/tiff-v3.5.4/checksignature__9871f861e2.ll,01fd5448bb5c2b0d,21,legacy_c89,False
mibench/consumer/tiff-v3.5.4/tools/gif2tiff.c::readextension,mibench,tiff-v3.5.4,consumer/tiff-v3.5.4/tools/gif2tiff.c,readextension,data/ir/mibench/tiff-v3.5.4/readextension__fd78d5f4b4.ll,765577850b358a8b,14,legacy_c89,False
mibench/consumer/tiff-v3.5.4/tools/gif2tiff.c::process,mibench,tiff-v3.5.4,consumer/tiff-v3.5.4/tools/gif2tiff.c,process,data/ir/mibench/tiff-v3.5.4/process__3f654bd1f7.ll,1f65095b2ac7a517,117,legacy_c89,False
mibench/consumer/tiff-v3.5.4/tools/ras2tiff.c::main,mibench,tiff-v3.5.4,consumer/tiff-v3.5.4/tools/ras2tiff.c,main,data/ir/mibench/tiff-v3.5.4/main__c6a7b576d3.ll,87e29490706f7fe1,328,legacy_c89,False
mibench/consumer/tiff-v3.5.4/tools/rgb2ycbcr.c::usage,mibench,tiff-v3.5.4,consumer/tiff-v3.5.4/tools/rgb2ycbcr.c,usage,data/ir/mibench/tiff-v3.5.4/usage__eaba4ec5f2.ll,1e98c66824e3dc8f,17,legacy_c89,False
mibench/consumer/tiff-v3.5.4/tools/rgb2ycbcr.c::V2Code,mibench,tiff-v3.5.4,consumer/tiff-v3.5.4/tools/rgb2ycbcr.c,V2Code,data/ir/mibench/tiff-v3.5.4/V2Code__d6411756e0.ll,41c8bffbd1af473e,14,legacy_c89,False
mibench/consumer/tiff-v3.5.4/tools/thumbnail.c::cpTiles,mibench,tiff-v3.5.4,consumer/tiff-v3.5.4/tools/thumbnail.c,cpTiles,data/ir/mibench/tiff-v3.5.4/cpTiles__522e9a95a0.ll,b6375a287e4279f5,53,legacy_c89,False
mibench/consumer/tiff-v3.5.4/tools/thumbnail.c::setupBitsTables,mibench,tiff-v3.5.4,consumer/tiff-v3.5.4/tools/thumbnail.c,setupBitsTables,data/ir/mibench/tiff-v3.5.4/setupBitsTables__527a368882.ll,f350d78c4a96e605,60,legacy_c89,False
mibench/consumer/tiff-v3.5.4/tools/thumbnail.c::setupStepTables,mibench,tiff-v3.5.4,consumer/tiff-v3.5.4/tools/thumbnail.c,setupStepTables,data/ir/mibench/tiff-v3.5.4/setupStepTables__3e094573fd.ll,c572ece7e3003c77,84,legacy_c89,False
mibench/consumer/tiff-v3.5.4/tools/tiff2bw.c::main,mibench,tiff-v3.5.4,consumer/tiff-v3.5.4/tools/tiff2bw.c,main,data/ir/mibench/tiff-v3.5.4/main__080938ae1d.ll,cd61a1660c600387,315,legacy_c89,False
mibench/consumer/tiff-v3.5.4/tools/tiff2bw.c::checkcmap,mibench,tiff-v3.5.4,consumer/tiff-v3.5.4/tools/tiff2bw.c,checkcmap,data/ir/mibench/tiff-v3.5.4/checkcmap__99c9a27e02.ll,614a7d4453251552,30,legacy_c89,False
mibench/consumer/tiff-v3.5.4/tools/tiff2ps.c::usage,mibench,tiff-v3.5.4,consumer/tiff-v3.5.4/tools/tiff2ps.c,usage,data/ir/mibench/tiff-v3.5.4/usage__99e4304d99.ll,1fce1c7449e80ee5,21,legacy_c89,False
mibench/consumer/tiff-v3.5.4/tools/tiff2ps.c::PSpage,mibench,tiff-v3.5.4,consumer/tiff-v3.5.4/tools/tiff2ps.c,PSpage,data/ir/mibench/tiff-v3.5.4/PSpage__966b738232.ll,49c43cb42868b161,59,legacy_c89,False
mibench/consumer/tiff-v3.5.4/tools/tiff2ps.c::PS_Lvl2colorspace,mibench,tiff-v3.5.4,consumer/tiff-v3.5.4/tools/tiff2ps.c,PS_Lvl2colorspace,data/ir/mibench/tiff-v3.5.4/PS_Lvl2colorspace__35a71c0ac3.ll,3428dbea3e702714,157,legacy_c89,False
mibench/consumer/tiff-v3.5.4/tools/tiff2ps.c::PSDataPalette,mibench,tiff-v3.5.4,consumer/tiff-v3.5.4/tools/tiff2ps.c,PSDataPalette,data/ir/mibench/tiff-v3.5.4/PSDataPalette__32365e00b6.ll,492d08ad128388b5,1425,legacy_c89,False
mibench/consumer/tiff-v3.5.4/tools/tiff2ps.c::checkcmap,mibench,tiff-v3.5.4,consumer/tiff-v3.5.4/tools/tiff2ps.c,checkcmap,data/ir/mibench/tiff-v3.5.4/checkcmap__bcc8221930.ll,be6fe79cac152c70,30,legacy_c89,False
mibench/consumer/tiff-v3.5.4/tools/tiff2ps.c::PSRawDataBW,mibench,tiff-v3.5.4,consumer/tiff-v3.5.4/tools/tiff2ps.c,PSRawDataBW,data/ir/mibench/tiff-v3.5.4/PSRawDataBW__fe600af8e6.ll,d59078e36ec58d35,119,legacy_c89,False
mibench/consumer/tiff-v3.5.4/tools/tiff2rgba.c::usage,mibench,tiff-v3.5.4,consumer/tiff-v3.5.4/tools/tiff2rgba.c,usage,data/ir/mibench/tiff-v3.5.4/usage__bdd0434c25.ll,6e65db1755ff5d21,17,legacy_c89,False
mibench/consumer/tiff-v3.5.4/tools/tiffcmp.c::tiffcmp,mibench,tiff-v3.5.4,consumer/tiff-v3.5.4/tools/tiffcmp.c,tiffcmp,data/ir/mibench/tiff-v3.5.4/tiffcmp__a5c8134ab2.ll,9ab44fe55728e29f,213,legacy_c89,False
mibench/consumer/tiff-v3.5.4/tools/tiffcp.c::cpContig2ContigByRow,mibench,tiff-v3.5.4,consumer/tiff-v3.5.4/tools/tiffcp.c,cpContig2ContigByRow,data/ir/mibench/tiff-v3.5.4/cpContig2ContigByRow__ffdcb725a9.ll,8835bfb65266a0f9,27,legacy_c89,False
mibench/consumer/tiff-v3.5.4/tools/tiffcp.c::cpContig2SeparateByRow,mibench,tiff-v3.5.4,consumer/tiff-v3.5.4/tools/tiffcp.c,cpContig2SeparateByRow,data/ir/mibench/tiff-v3.5.4/cpContig2SeparateByRow__ae06d25654.ll,796e28d09160204a,69,legacy_c89,False
mibench/consumer/tiff-v3.5.4/tools/tiffcp.c::cpImage,mibench,tiff-v3.5.4,consumer/tiff-v3.5.4/tools/tiffcp.c,cpImage,data/ir/mibench/tiff-v3.5.4/cpImage__944d362986.ll,90ae438d2823f1b8,11,legacy_c89,False
mibench/consumer/tiff-v3.5.4/tools/tiffcp.c::readSeparateStripsIntoBuffer,mibench,tiff-v3.5.4,consumer/tiff-v3.5.4/tools/tiffcp.c,readSeparateStripsIntoBuffer,data/ir/mibench/tiff-v3.5.4/readSeparateStripsIntoBuffer__8f9a1b3181.ll,ff45275d591489f6,52,legacy_c89,False
mibench/consumer/tiff-v3.5.4/tools/tiffdump.c::Fatal,mibench,tiff-v3.5.4,consumer/tiff-v3.5.4/tools/tiffdump.c,Fatal,data/ir/mibench/tiff-v3.5.4/Fatal__de12ff5d3f.ll,1c201bc04323d0e0,10,default,False
mibench/consumer/tiff-v3.5.4/tools/tiffdump.c::ReadDirectory,mibench,tiff-v3.5.4,consumer/tiff-v3.5.4/tools/tiffdump.c,ReadDirectory,data/ir/mibench/tiff-v3.5.4/ReadDirectory__f36a0475d6.ll,40e0a3a0da0c605e,206,default,False
mibench/consumer/tiff-v3.5.4/tools/tiffdump.c::PrintData,mibench,tiff-v3.5.4,consumer/tiff-v3.5.4/tools/tiffdump.c,PrintData,data/ir/mibench/tiff-v3.5.4/PrintData__3019c7246b.ll,f8f72596c3443989,188,default,False
mibench/consumer/tiff-v3.5.4/tools/tiffdump.c::PrintByte,mibench,tiff-v3.5.4,consumer/tiff-v3.5.4/tools/tiffdump.c,PrintByte,data/ir/mibench/tiff-v3.5.4/PrintByte__c5ff5bf692.ll,ecb833175d1a69fe,65,default,False
mibench/consumer/tiff-v3.5.4/tools/tiffdump.c::TIFFFetchData,mibench,tiff-v3.5.4,consumer/tiff-v3.5.4/tools/tiffdump.c,TIFFFetchData,data/ir/mibench/tiff-v3.5.4/TIFFFetchData__fd68008e57.ll,8e5519ff41fc24af,63,default,False
mibench/consumer/tiff-v3.5.4/tools/tiffinfo.c::tiffinfo,mibench,tiff-v3.5.4,consumer/tiff-v3.5.4/tools/tiffinfo.c,tiffinfo,data/ir/mibench/tiff-v3.5.4/tiffinfo__fe689ad694.ll,7310d8377ba989f5,31,legacy_c89,False
mibench/consumer/tiff-v3.5.4/tools/tiffinfo.c::TIFFReadContigTileData,mibench,tiff-v3.5.4,consumer/tiff-v3.5.4/tools/tiffinfo.c,TIFFReadContigTileData,data/ir/mibench/tiff-v3.5.4/TIFFReadContigTileData__facb111685.ll,df684e30b7b759af,49,legacy_c89,False
mibench/consumer/tiff-v3.5.4/tools/tiffmedian.c::usage,mibench,tiff-v3.5.4,consumer/tiff-v3.5.4/tools/tiffmedian.c,usage,data/ir/mibench/tiff-v3.5.4/usage__9fe5224fdf.ll,a73bd3762f648a76,21,legacy_c89,False
mibench/consumer/tiff-v3.5.4/tools/tiffmedian.c::get_histogram,mibench,tiff-v3.5.4,consumer/tiff-v3.5.4/tools/tiffmedian.c,get_histogram,data/ir/mibench/tiff-v3.5.4/get_histogram__7c9526f97b.ll,4fc2c2c1c13b26ca,120,legacy_c89,False
mibench/consumer/tiff-v3.5.4/tools/tiffmedian.c::splitbox,mibench,tiff-v3.5.4,consumer/tiff-v3.5.4/tools/tiffmedian.c,splitbox,data/ir/mibench/tiff-v3.5.4/splitbox__9d39a7cab9.ll,adbccdb67e3b98f0,344,legacy_c89,False
mibench/consumer/typeset/lout-3.24/prg2lout.c::ErrorHeader,mibench,typeset,consumer/typeset/lout-3.24/prg2lout.c,ErrorHeader,data/ir/mibench/typeset/ErrorHeader__453ae8ba59.ll,beed3209d4a6032d,21,legacy_c89,False
mibench/consumer/typeset/lout-3.24/prg2lout.c::NextChar,mibench,typeset,consumer/typeset/lout-3.24/prg2lout.c,NextChar,data/ir/mibench/typeset/NextChar__afa2c0f00c.ll,235b4738867d9647,42,legacy_c89,False
mibench/consumer/typeset/lout-3.24/prg2lout.c::InputMatches,mibench,typeset,consumer/typeset/lout-3.24/prg2lout.c,InputMatches,data/ir/mibench/typeset/InputMatches__25e0db85b0.ll,1c5e042167cd8005,41,legacy_c89,False
mibench/consumer/typeset/lout-3.24/prg2lout.c::TrieInsert,mibench,typeset,consumer/typeset/lout-3.24/prg2lout.c,TrieInsert,data/ir/mibench/typeset/TrieInsert__72746547fc.ll,1b47b13338ba9363,49,legacy_c89,False
mibench/consumer/typeset/lout-3.24/prg2lout.c::TrieRetrieve,mibench,typeset,consumer/typeset/lout-3.24/prg2lout.c,TrieRetrieve,data/ir/mibench/typeset/TrieRetrieve__b079d3342f.ll,21a15bf5e133f084,41,legacy_c89,False
mibench/consumer/typeset/lout-3.24/prg2lout.c::HashInsert,mibench,typeset,consumer/typeset/lout-3.24/prg2lout.c,HashInsert,data/ir/mibench/typeset/HashInsert__cdc685ce91.ll,65a001db2c6b7ed4,27,legacy_c89,False
mibench/consumer/typeset/lout-3.24/prg2lout.c::hash,mibench,typeset,consumer/typeset/lout-3.24/prg2lout.c,hash,data/ir/mibench/typeset/hash__8d20e4327b.ll,847aab5412062705,19,legacy_c89,False
mibench/consumer/typeset/lout-3.24/prg2lout.c::HashRetrieve,mibench,typeset,consumer/typeset/lout-3.24/prg2lout.c,HashRetrieve,data/ir/mibench/typeset/HashRetrieve__595b2aedc9.ll,6f955e3cd920948f,22,legacy_c89,False
mibench/consumer/typeset/lout-3.24/prg2lout.c::EmitTab,mibench,typeset,consumer/typeset/lout-3.24/prg2lout.c,EmitTab,data/ir/mibench/typeset/EmitTab__9338306d60.ll,35e8c610cff67142,59,legacy_c89,False
mibench/consumer/typeset/lout-3.24/prg2lout.c::EmitRaw,mibench,typeset,consumer/typeset/lout-3.24/prg2lout.c,EmitRaw,data/ir/mibench/typeset/EmitRaw__ed3256a0c8.ll,0acd832773d71363,90,legacy_c89,False
mibench/consumer/typeset/lout-3.24/prg2lout.c::StartEmit,mibench,typeset,consumer/typeset/lout-3.24/prg2lout.c,StartEmit,data/ir/mibench/typeset/StartEmit__7b92ae51a0.ll,0a78c7dbd18115e6,125,legacy_c89,False
mibench/consumer/typeset/lout-3.24/prg2lout.c::Emit,mibench,typeset,consumer/typeset/lout-3.24/prg2lout.c,Emit,data/ir/mibench/typeset/Emit__c64752a556.ll,bc87d96e2fc68b4e,95,legacy_c89,False
mibench/consumer/typeset/lout-3.24/prg2lout.c::EndEmit,mibench,typeset,consumer/typeset/lout-3.24/prg2lout.c,EndEmit,data/ir/mibench/typeset/EndEmit__0a55ac747d.ll,b2abd4d4d66a583f,244,legacy_c89,False
mibench/consumer/typeset/lout-3.24/prg2lout.c::EmitProtected,mibench,typeset,consumer/typeset/lout-3.24/prg2lout.c,EmitProtected,data/ir/mibench/typeset/EmitProtected__7f43a5a796.ll,b9ffca5c7533a2e2,19,legacy_c89,False
mibench/consumer/typeset/lout-3.24/prg2lout.c::ExpandToken,mibench,typeset,consumer/typeset/lout-3.24/prg2lout.c,ExpandToken,data/ir/mibench/typeset/ExpandToken__f2eefc1aa2.ll,0619fc208b39377b,90,legacy_c89,False
mibench/consumer/typeset/lout-3.24/prg2lout.c::SetupOneToken,mibench,typeset,consumer/typeset/lout-3.24/prg2lout.c,SetupOneToken,data/ir/mibench/typeset/SetupOneToken__7a34de0c01.ll,89efbf39786fe6bb,181,legacy_c89,False
mibench/consumer/typeset/lout-3.24/prg2lout.c::SetupLanguage,mibench,typeset,consumer/typeset/lout-3.24/prg2lout.c,SetupLanguage,data/ir/mibench/typeset/SetupLanguage__a983860a4b.ll,5a306de01805a822,65,legacy_c89,False
mibench/consumer/typeset/lout-3.24/prg2lout.c::Printable,mibench,typeset,consumer/typeset/lout-3.24/prg2lout.c,Printable,data/ir/mibench/typeset/Printable__b7820ea92d.ll,a7518cf0354f2fcc,22,legacy_c89,False
mibench/consumer/typeset/lout-3.24/prg2lout.c::TokenStartingHere,mibench,typeset,consumer/typeset/lout-3.24/prg2lout.c,TokenStartingHere,data/ir/mibench/typeset/TokenStartingHere__f7232f00fd.ll,9c3317cb52e28440,26,legacy_c89,False
mibench/consumer/typeset/lout-3.24/prg2lout.c::Matching,mibench,typeset,consumer/typeset/lout-3.24/prg2lout.c,Matching,data/ir/mibench/typeset/Matching__c17818eb2c.ll,f8ffb1e080a5f748,22,legacy_c89,False
mibench/consumer/typeset/lout-3.24/prg2lout.c::debug_state,mibench,typeset,consumer/typeset/lout-3.24/prg2lout.c,debug_state,data/ir/mibench/typeset/debug_state__1bdc9a3ed4.ll,898c4b1c6a31ab40,10,legacy_c89,False
mibench/consumer/typeset/lout-3.24/prg2lout.c::Process,mibench,typeset,consumer/typeset/lout-3.24/prg2lout.c,Process,data/ir/mibench/typeset/Process__3ab109a09e.ll,bb578da4d7f3b02f,594,legacy_c89,False
mibench/consumer/typeset/lout-3.24/prg2lout.c::PrintUsage,mibench,typeset,consumer/typeset/lout-3.24/prg2lout.c,PrintUsage,data/ir/mibench/typeset/PrintUsage__8084d60229.ll,297507c49ffbea70,75,legacy_c89,False
mibench/consumer/typeset/lout-3.24/prg2lout.c::main,mibench,typeset,consumer/typeset/lout-3.24/prg2lout.c,main,data/ir/mibench/typeset/main__270cfeb639.ll,ed1f039b6fd70fd8,959,legacy_c89,False
polybench/linear-algebra/kernels/2mm/2mm.c::main,polybench,2mm,linear-algebra/kernels/2mm/2mm.c,main,data/ir/polybench/2mm/main__349314f631.ll,bf8a3bb5fb3fe5fc,36,default,False
polybench/linear-algebra/kernels/2mm/2mm.c::init_array,polybench,2mm,linear-algebra/kernels/2mm/2mm.c,init_array,data/ir/polybench/2mm/init_array__b857c4bd90.ll,f0e02325f62727ca,104,default,False
polybench/linear-algebra/kernels/2mm/2mm.c::kernel_2mm,polybench,2mm,linear-algebra/kernels/2mm/2mm.c,kernel_2mm,data/ir/polybench/2mm/kernel_2mm__e70d2096f8.ll,6d8abc4b5fabb699,90,default,False
polybench/linear-algebra/kernels/3mm/3mm.c::main,polybench,3mm,linear-algebra/kernels/3mm/3mm.c,main,data/ir/polybench/3mm/main__b01778a42f.ll,7f34e0554e9046bb,38,default,False
polybench/linear-algebra/kernels/3mm/3mm.c::init_array,polybench,3mm,linear-algebra/kernels/3mm/3mm.c,init_array,data/ir/polybench/3mm/init_array__d99d3a6577.ll,d3f95abc0dfd5d14,107,default,False
polybench/linear-algebra/kernels/3mm/3mm.c::kernel_3mm,polybench,3mm,linear-algebra/kernels/3mm/3mm.c,kernel_3mm,data/ir/polybench/3mm/kernel_3mm__3f622bdbbb.ll,04cee657c7e1932b,130,default,False
polybench/stencils/adi/adi.c::main,polybench,adi,stencils/adi/adi.c,main,data/ir/polybench/adi/main__cf2a45829a.ll,9438f07232623b3e,26,default,False
polybench/stencils/adi/adi.c::init_array,polybench,adi,stencils/adi/adi.c,init_array,data/ir/polybench/adi/init_array__a0e8a70944.ll,92c61b91e6297352,25,default,False
polybench/stencils/adi/adi.c::kernel_adi,polybench,adi,stencils/adi/adi.c,kernel_adi,data/ir/polybench/adi/kernel_adi__f875f7a938.ll,db3cc31c112772d1,278,default,False
polybench/stencils/adi/adi.c::print_array,polybench,adi,stencils/adi/adi.c,print_array,data/ir/polybench/adi/print_array__1adb56d733.ll,3e835e2cee75cca3,38,default,False
polybench/linear-algebra/kernels/atax/atax.c::main,polybench,atax,linear-algebra/kernels/atax/atax.c,main,data/ir/polybench/atax/main__4c8f62eeaa.ll,6f827a84c575ae80,27,default,False
polybench/linear-algebra/kernels/atax/atax.c::init_array,polybench,atax,linear-algebra/kernels/atax/atax.c,init_array,data/ir/polybench/atax/init_array__e192bd94c4.ll,4ad9a7652fe011fe,40,default,False
polybench/linear-algebra/kernels/atax/atax.c::kernel_atax,polybench,atax,linear-algebra/kernels/atax/atax.c,kernel_atax,data/ir/polybench/atax/kernel_atax__6adfdd7f40.ll,2bcec7ebaae96544,65,default,False
polybench/linear-algebra/kernels/bicg/bicg.c::main,polybench,bicg,linear-algebra/kernels/bicg/bicg.c,main,data/ir/polybench/bicg/main__535e897890.ll,46e8de1d39b116b1,32,default,False
polybench/linear-algebra/kernels/bicg/bicg.c::init_array,polybench,bicg,linear-algebra/kernels/bicg/bicg.c,init_array,data/ir/polybench/bicg/init_array__dafa4a17bc.ll,6fffaacdbe5ab1b4,47,default,False
polybench/linear-algebra/kernels/bicg/bicg.c::kernel_bicg,polybench,bicg,linear-algebra/kernels/bicg/bicg.c,kernel_bicg,data/ir/polybench/bicg/kernel_bicg__1266e40476.ll,8d8a228a37e3cc51,58,default,False
polybench/linear-algebra/kernels/bicg/bicg.c::print_array,polybench,bicg,linear-algebra/kernels/bicg/bicg.c,print_array,data/ir/polybench/bicg/print_array__944f59b06c.ll,fccd646a3845aeeb,49,default,False
polybench/linear-algebra/solvers/cholesky/cholesky.c::main,polybench,cholesky,linear-algebra/solvers/cholesky/cholesky.c,main,data/ir/polybench/cholesky/main__b668216157.ll,aee17357e90609ac,17,default,False
polybench/linear-algebra/solvers/cholesky/cholesky.c::init_array,polybench,cholesky,linear-algebra/solvers/cholesky/cholesky.c,init_array,data/ir/polybench/cholesky/init_array__1555221d99.ll,8ed4a0dd90102db1,127,default,False
polybench/linear-algebra/solvers/cholesky/cholesky.c::kernel_cholesky,polybench,cholesky,linear-algebra/solvers/cholesky/cholesky.c,kernel_cholesky,data/ir/polybench/cholesky/kernel_cholesky__d5fefd32d2.ll,4923dae5c4a71a15,88,default,False
polybench/linear-algebra/solvers/cholesky/cholesky.c::print_array,polybench,cholesky,linear-algebra/solvers/cholesky/cholesky.c,print_array,data/ir/polybench/cholesky/print_array__ab9ee2564b.ll,3a7368ca2c4491d3,38,default,False
polybench/datamining/correlation/correlation.c::main,polybench,correlation,datamining/correlation/correlation.c,main,data/ir/polybench/correlation/main__ec5aa45e91.ll,fe63708a97039679,28,default,False
polybench/datamining/correlation/correlation.c::init_array,polybench,correlation,datamining/correlation/correlation.c,init_array,data/ir/polybench/correlation/init_array__64043efff5.ll,614ff6fad5da8d41,26,default,False
polybench/datamining/correlation/correlation.c::kernel_correlation,polybench,correlation,datamining/correlation/correlation.c,kernel_correlation,data/ir/polybench/correlation/kernel_correlation__6671655bc7.ll,b252a22d89443ca0,202,default,False
polybench/datamining/correlation/correlation.c::print_array,polybench,correlation,datamining/correlation/correlation.c,print_array,data/ir/polybench/correlation/print_array__eb57e52a5d.ll,9cec0305c10a9ea5,38,default,False
polybench/datamining/covariance/covariance.c::main,polybench,covariance,datamining/covariance/covariance.c,main,data/ir/polybench/covariance/main__aca540d40a.ll,873e48cbc4ca8760,25,default,False
polybench/datamining/covariance/covariance.c::init_array,polybench,covariance,datamining/covariance/covariance.c,init_array,data/ir/polybench/covariance/init_array__f4dc8ea6aa.ll,e75ee6aa4a4c7936,26,default,False
polybench/datamining/covariance/covariance.c::kernel_covariance,polybench,covariance,datamining/covariance/covariance.c,kernel_covariance,data/ir/polybench/covariance/kernel_covariance__32e8b7ccf2.ll,5af8435e19df34dd,118,default,False
polybench/medley/deriche/deriche.c::main,polybench,deriche,medley/deriche/deriche.c,main,data/ir/polybench/deriche/main__d124338bfd.ll,0ad2bfd523828ae4,29,default,False
polybench/medley/deriche/deriche.c::init_array,polybench,deriche,medley/deriche/deriche.c,init_array,data/ir/polybench/deriche/init_array__1b7e9a36c6.ll,4054998e9f89288c,27,default,False
polybench/medley/deriche/deriche.c::kernel_deriche,polybench,deriche,medley/deriche/deriche.c,kernel_deriche,data/ir/polybench/deriche/kernel_deriche__08d380e6c4.ll,74b960936f4b4690,255,default,False
polybench/medley/deriche/deriche.c::print_array,polybench,deriche,medley/deriche/deriche.c,print_array,data/ir/polybench/deriche/print_array__898961dd2d.ll,d782588dc05a371d,39,default,False
polybench/linear-algebra/kernels/doitgen/doitgen.c::kernel_doitgen,polybench,doitgen,linear-algebra/kernels/doitgen/doitgen.c,kernel_doitgen,data/ir/polybench/doitgen/kernel_doitgen__5a6b902694.ll,1978cea629df1782,66,default,False
polybench/linear-algebra/kernels/doitgen/doitgen.c::main,polybench,doitgen,linear-algebra/kernels/doitgen/doitgen.c,main,data/ir/polybench/doitgen/main__3851521bea.ll,fc2cad4c2aae1b68,24,default,False
polybench/linear-algebra/kernels/doitgen/doitgen.c::init_array,polybench,doitgen,linear-algebra/kernels/doitgen/doitgen.c,init_array,data/ir/polybench/doitgen/init_array__0773817e5a.ll,05276e7055503469,59,default,False
polybench/linear-algebra/kernels/doitgen/doitgen.c::print_array,polybench,doitgen,linear-algebra/kernels/doitgen/doitgen.c,print_array,data/ir/polybench/doitgen/print_array__a7d27465cf.ll,34ada0bde0765c69,50,default,False
polybench/linear-algebra/solvers/durbin/durbin.c::main,polybench,durbin,linear-algebra/solvers/durbin/durbin.c,main,data/ir/polybench/durbin/main__2fbcca26d9.ll,1ce450f96a9a2f28,20,default,False
polybench/linear-algebra/solvers/durbin/durbin.c::init_array,polybench,durbin,linear-algebra/solvers/durbin/durbin.c,init_array,data/ir/polybench/durbin/init_array__cc5e60889d.ll,d90854e0af09e077,14,default,False
polybench/linear-algebra/solvers/durbin/durbin.c::kernel_durbin,polybench,durbin,linear-algebra/solvers/durbin/durbin.c,kernel_durbin,data/ir/polybench/durbin/kernel_durbin__fb9761ec59.ll,d02a7aee05f35ac6,80,default,False
polybench/stencils/fdtd-2d/fdtd-2d.c::main,polybench,fdtd-2d,stencils/fdtd-2d/fdtd-2d.c,main,data/ir/polybench/fdtd-2d/main__6c1a201043.ll,38672b7513bc2012,31,default,False
polybench/stencils/fdtd-2d/fdtd-2d.c::init_array,polybench,fdtd-2d,stencils/fdtd-2d/fdtd-2d.c,init_array,data/ir/polybench/fdtd-2d/init_array__d8bed86035.ll,8804d2932b734155,59,default,False
polybench/stencils/fdtd-2d/fdtd-2d.c::kernel_fdtd_2d,polybench,fdtd-2d,stencils/fdtd-2d/fdtd-2d.c,kernel_fdtd_2d,data/ir/polybench/fdtd-2d/kernel_fdtd_2d__1fea505c40.ll,6e61bfff839e6b7a,148,default,False
polybench/stencils/fdtd-2d/fdtd-2d.c::print_array,polybench,fdtd-2d,stencils/fdtd-2d/fdtd-2d.c,print_array,data/ir/polybench/fdtd-2d/print_array__923b163017.ll,44b7d8193aa3d497,104,default,False
polybench/medley/floyd-warshall/floyd-warshall.c::main,polybench,floyd-warshall,medley/floyd-warshall/floyd-warshall.c,main,data/ir/polybench/floyd-warshall/main__ca20aaefd4.ll,c180940b9373d53a,17,default,False
polybench/medley/floyd-warshall/floyd-warshall.c::init_array,polybench,floyd-warshall,medley/floyd-warshall/floyd-warshall.c,init_array,data/ir/polybench/floyd-warshall/init_array__4ae146a32e.ll,f2926a23868d9985,41,default,False
polybench/medley/floyd-warshall/floyd-warshall.c::kernel_floyd_warshall,polybench,floyd-warshall,medley/floyd-warshall/floyd-warshall.c,kernel_floyd_warshall,data/ir/polybench/floyd-warshall/kernel_floyd_warshall__ea94e13919.ll,70049fc01bbf15a7,64,default,False
polybench/medley/floyd-warshall/floyd-warshall.c::print_array,polybench,floyd-warshall,medley/floyd-warshall/floyd-warshall.c,print_array,data/ir/polybench/floyd-warshall/print_array__6e83637baa.ll,2a7e19f4d123baed,38,default,False
polybench/linear-algebra/blas/gemm/gemm.c::main,polybench,gemm,linear-algebra/blas/gemm/gemm.c,main,data/ir/polybench/gemm/main__033ded9cde.ll,6ec97dba10f4e68e,29,default,False
polybench/linear-algebra/blas/gemm/gemm.c::init_array,polybench,gemm,linear-algebra/blas/gemm/gemm.c,init_array,data/ir/polybench/gemm/init_array__08979dab28.ll,8fa010ff5425d4bf,78,default,False
polybench/linear-algebra/blas/gemm/gemm.c::kernel_gemm,polybench,gemm,linear-algebra/blas/gemm/gemm.c,kernel_gemm,data/ir/polybench/gemm/kernel_gemm__4335ef3084.ll,017da74d7702fff5,54,default,False
polybench/linear-algebra/blas/gemm/gemm.c::print_array,polybench,gemm,linear-algebra/blas/gemm/gemm.c,print_array,data/ir/polybench/gemm/print_array__ace4a9ffed.ll,24b7a0f24a8c8f4a,38,default,False
polybench/linear-algebra/blas/gemver/gemver.c::main,polybench,gemver,linear-algebra/blas/gemver/gemver.c,main,data/ir/polybench/gemver/main__86dab48a66.ll,c70c92c90c496f72,53,default,False
polybench/linear-algebra/blas/gemver/gemver.c::init_array,polybench,gemver,linear-algebra/blas/gemver/gemver.c,init_array,data/ir/polybench/gemver/init_array__277cc911fc.ll,5b7df2dd6db319a0,73,default,False
polybench/linear-algebra/blas/gemver/gemver.c::kernel_gemver,polybench,gemver,linear-algebra/blas/gemver/gemver.c,kernel_gemver,data/ir/polybench/gemver/kernel_gemver__5db476bbaa.ll,0356147b4e1097ec,116,default,False
polybench/linear-algebra/blas/gemver/gemver.c::print_array,polybench,gemver,linear-algebra/blas/gemver/gemver.c,print_array,data/ir/polybench/gemver/print_array__4e2fceae38.ll,9c4fa547c6fae6ba,27,default,False
polybench/linear-algebra/blas/gesummv/gesummv.c::main,polybench,gesummv,linear-algebra/blas/gesummv/gesummv.c,main,data/ir/polybench/gesummv/main__fa9f1e6890.ll,72fb1658a4e36f05,35,default,False
polybench/linear-algebra/blas/gesummv/gesummv.c::init_array,polybench,gesummv,linear-algebra/blas/gesummv/gesummv.c,init_array,data/ir/polybench/gesummv/init_array__7c96411d1e.ll,0aea36c2eadf3d43,46,default,False
polybench/linear-algebra/blas/gesummv/gesummv.c::kernel_gesummv,polybench,gesummv,linear-algebra/blas/gesummv/gesummv.c,kernel_gesummv,data/ir/polybench/gesummv/kernel_gesummv__a5f314343a.ll,00b79f33edf4537e,62,default,False
polybench/linear-algebra/solvers/gramschmidt/gramschmidt.c::main,polybench,gramschmidt,linear-algebra/solvers/gramschmidt/gramschmidt.c,main,data/ir/polybench/gramschmidt/main__40b62cb907.ll,7001b726bd8cc22d,27,default,False
polybench/linear-algebra/solvers/gramschmidt/gramschmidt.c::init_array,polybench,gramschmidt,linear-algebra/solvers/gramschmidt/gramschmidt.c,init_array,data/ir/polybench/gramschmidt/init_array__78d31a94cd.ll,9ae28a0ed6fcfb04,50,default,False
polybench/linear-algebra/solvers/gramschmidt/gramschmidt.c::kernel_gramschmidt,polybench,gramschmidt,linear-algebra/solvers/gramschmidt/gramschmidt.c,kernel_gramschmidt,data/ir/polybench/gramschmidt/kernel_gramschmidt__7862c22e43.ll,08e569a95a53ca2e,122,default,False
polybench/linear-algebra/solvers/gramschmidt/gramschmidt.c::print_array,polybench,gramschmidt,linear-algebra/solvers/gramschmidt/gramschmidt.c,print_array,data/ir/polybench/gramschmidt/print_array__3ce10bdd30.ll,cb5f17fcc2b404b6,71,default,False
polybench/stencils/heat-3d/heat-3d.c::main,polybench,heat-3d,stencils/heat-3d/heat-3d.c,main,data/ir/polybench/heat-3d/main__64b5a92c8d.ll,f5dcab22e4d6125c,20,default,False
polybench/stencils/heat-3d/heat-3d.c::init_array,polybench,heat-3d,stencils/heat-3d/heat-3d.c,init_array,data/ir/polybench/heat-3d/init_array__e4c6bd3d03.ll,9c270517e5fc4e6f,43,default,False
polybench/stencils/heat-3d/heat-3d.c::kernel_heat_3d,polybench,heat-3d,stencils/heat-3d/heat-3d.c,kernel_heat_3d,data/ir/polybench/heat-3d/kernel_heat_3d__4b1d0d51bb.ll,2dde5b136564e12c,242,default,False
polybench/stencils/heat-3d/heat-3d.c::print_array,polybench,heat-3d,stencils/heat-3d/heat-3d.c,print_array,data/ir/polybench/heat-3d/print_array__14f8eceeef.ll,b4399c94ae67cfbc,50,default,False
polybench/stencils/jacobi-1d/jacobi-1d.c::main,polybench,jacobi-1d,stencils/jacobi-1d/jacobi-1d.c,main,data/ir/polybench/jacobi-1d/main__d73c15302b.ll,caaf8e545e0f4503,21,default,False
polybench/stencils/jacobi-1d/jacobi-1d.c::init_array,polybench,jacobi-1d,stencils/jacobi-1d/jacobi-1d.c,init_array,data/ir/polybench/jacobi-1d/init_array__7333aa6bcc.ll,ab105583c90c5bd6,22,default,False
polybench/stencils/jacobi-1d/jacobi-1d.c::kernel_jacobi_1d,polybench,jacobi-1d,stencils/jacobi-1d/jacobi-1d.c,kernel_jacobi_1d,data/ir/polybench/jacobi-1d/kernel_jacobi_1d__bf4883ab0d.ll,a5cc61e5aad68ec9,58,default,False
polybench/stencils/jacobi-2d/jacobi-2d.c::main,polybench,jacobi-2d,stencils/jacobi-2d/jacobi-2d.c,main,data/ir/polybench/jacobi-2d/main__0877ce4fbb.ll,1f283e72a2d55ce1,21,default,False
polybench/stencils/jacobi-2d/jacobi-2d.c::init_array,polybench,jacobi-2d,stencils/jacobi-2d/jacobi-2d.c,init_array,data/ir/polybench/jacobi-2d/init_array__9732782880.ll,8a020beb14d994e4,37,default,False
polybench/stencils/jacobi-2d/jacobi-2d.c::kernel_jacobi_2d,polybench,jacobi-2d,stencils/jacobi-2d/jacobi-2d.c,kernel_jacobi_2d,data/ir/polybench/jacobi-2d/kernel_jacobi_2d__dbe772aa69.ll,9872ff3de244a0b4,118,default,False
polybench/stencils/jacobi-2d/jacobi-2d.c::print_array,polybench,jacobi-2d,stencils/jacobi-2d/jacobi-2d.c,print_array,data/ir/polybench/jacobi-2d/print_array__a7157a272a.ll,d03f6f8593df2b03,38,default,False
polybench/linear-algebra/solvers/lu/lu.c::main,polybench,lu,linear-algebra/solvers/lu/lu.c,main,data/ir/polybench/lu/main__f4f0f10909.ll,a20e09f53a6fda57,17,default,False
polybench/linear-algebra/solvers/lu/lu.c::kernel_lu,polybench,lu,linear-algebra/solvers/lu/lu.c,kernel_lu,data/ir/polybench/lu/kernel_lu__1baf52bd20.ll,a4aec73125904f16,84,default,False
polybench/linear-algebra/solvers/lu/lu.c::print_array,polybench,lu,linear-algebra/solvers/lu/lu.c,print_array,data/ir/polybench/lu/print_array__3331173e88.ll,87bae14a8960500e,38,default,False
polybench/linear-algebra/solvers/ludcmp/ludcmp.c::main,polybench,ludcmp,linear-algebra/solvers/ludcmp/ludcmp.c,main,data/ir/polybench/ludcmp/main__074244b245.ll,075c3f9498497d92,29,default,False
polybench/linear-algebra/solvers/ludcmp/ludcmp.c::init_array,polybench,ludcmp,linear-algebra/solvers/ludcmp/ludcmp.c,init_array,data/ir/polybench/ludcmp/init_array__2dba2193a7.ll,6a836bbaa28c186b,149,default,False
polybench/linear-algebra/solvers/ludcmp/ludcmp.c::kernel_ludcmp,polybench,ludcmp,linear-algebra/solvers/ludcmp/ludcmp.c,kernel_ludcmp,data/ir/polybench/ludcmp/kernel_ludcmp__ed1a51a87f.ll,b909067f538a31af,158,default,False
polybench/linear-algebra/kernels/mvt/mvt.c::main,polybench,mvt,linear-algebra/kernels/mvt/mvt.c,main,data/ir/polybench/mvt/main__6357eb071d.ll,e1e4c01d6bfd6651,34,default,False
polybench/linear-algebra/kernels/mvt/mvt.c::init_array,polybench,mvt,linear-algebra/kernels/mvt/mvt.c,init_array,data/ir/polybench/mvt/init_array__a683b41fd5.ll,e298985938705dd9,56,default,False
polybench/linear-algebra/kernels/mvt/mvt.c::kernel_mvt,polybench,mvt,linear-algebra/kernels/mvt/mvt.c,kernel_mvt,data/ir/polybench/mvt/kernel_mvt__3205032e98.ll,c73a9944208bee69,59,default,False
polybench/linear-algebra/kernels/mvt/mvt.c::print_array,polybench,mvt,linear-algebra/kernels/mvt/mvt.c,print_array,data/ir/polybench/mvt/print_array__d2d9ac3df9.ll,db9005dc97176de9,49,default,False
polybench/medley/nussinov/nussinov.c::main,polybench,nussinov,medley/nussinov/nussinov.c,main,data/ir/polybench/nussinov/main__0846cec083.ll,2d1677a7cd383676,21,default,False
polybench/medley/nussinov/nussinov.c::init_array,polybench,nussinov,medley/nussinov/nussinov.c,init_array,data/ir/polybench/nussinov/init_array__a1ea1a7e57.ll,6ad2038d911d1955,33,default,False
polybench/medley/nussinov/nussinov.c::kernel_nussinov,polybench,nussinov,medley/nussinov/nussinov.c,kernel_nussinov,data/ir/polybench/nussinov/kernel_nussinov__1f3b5f0d1c.ll,9154d9071d52857f,247,default,False
polybench/medley/nussinov/nussinov.c::print_array,polybench,nussinov,medley/nussinov/nussinov.c,print_array,data/ir/polybench/nussinov/print_array__9195f02258.ll,0c06ee9849e287fc,39,default,False
polybench/stencils/seidel-2d/seidel-2d.c::main,polybench,seidel-2d,stencils/seidel-2d/seidel-2d.c,main,data/ir/polybench/seidel-2d/main__5e3c500048.ll,f710ff8f206bd871,17,default,False
polybench/stencils/seidel-2d/seidel-2d.c::init_array,polybench,seidel-2d,stencils/seidel-2d/seidel-2d.c,init_array,data/ir/polybench/seidel-2d/init_array__3e3d527d62.ll,3bae9e6dcb95ea86,26,default,False
polybench/stencils/seidel-2d/seidel-2d.c::kernel_seidel_2d,polybench,seidel-2d,stencils/seidel-2d/seidel-2d.c,kernel_seidel_2d,data/ir/polybench/seidel-2d/kernel_seidel_2d__3d268712f7.ll,a99b58d8f0d8373f,96,default,False
polybench/linear-algebra/blas/symm/symm.c::main,polybench,symm,linear-algebra/blas/symm/symm.c,main,data/ir/polybench/symm/main__0db9473b8b.ll,cad1f762d9a83aa9,29,default,False
polybench/linear-algebra/blas/symm/symm.c::init_array,polybench,symm,linear-algebra/blas/symm/symm.c,init_array,data/ir/polybench/symm/init_array__63d9375fda.ll,12a6e27a1d37d8e8,75,default,False
polybench/linear-algebra/blas/symm/symm.c::kernel_symm,polybench,symm,linear-algebra/blas/symm/symm.c,kernel_symm,data/ir/polybench/symm/kernel_symm__b4cc6053b4.ll,5bbb9f31db46c106,76,default,False
polybench/linear-algebra/blas/symm/symm.c::print_array,polybench,symm,linear-algebra/blas/symm/symm.c,print_array,data/ir/polybench/symm/print_array__90a5935df3.ll,9403ff08667b45b6,38,default,False
polybench/linear-algebra/blas/syr2k/syr2k.c::main,polybench,syr2k,linear-algebra/blas/syr2k/syr2k.c,main,data/ir/polybench/syr2k/main__0fe396a0f5.ll,cfe9f22b34a3f024,29,default,False
polybench/linear-algebra/blas/syr2k/syr2k.c::init_array,polybench,syr2k,linear-algebra/blas/syr2k/syr2k.c,init_array,data/ir/polybench/syr2k/init_array__29060b142b.ll,84bcc4152bab3f98,64,default,False
polybench/linear-algebra/blas/syr2k/syr2k.c::kernel_syr2k,polybench,syr2k,linear-algebra/blas/syr2k/syr2k.c,kernel_syr2k,data/ir/polybench/syr2k/kernel_syr2k__99e3e32d21.ll,82ba421b7587da84,67,default,False
polybench/linear-algebra/blas/syrk/syrk.c::main,polybench,syrk,linear-algebra/blas/syrk/syrk.c,main,data/ir/polybench/syrk/main__2adf879a37.ll,80ededc1f616ce8b,25,default,False
polybench/linear-algebra/blas/syrk/syrk.c::init_array,polybench,syrk,linear-algebra/blas/syrk/syrk.c,init_array,data/ir/polybench/syrk/init_array__ae4cc5ea38.ll,af34e8958803d115,53,default,False
polybench/linear-algebra/blas/syrk/syrk.c::kernel_syrk,polybench,syrk,linear-algebra/blas/syrk/syrk.c,kernel_syrk,data/ir/polybench/syrk/kernel_syrk__d21e66a3f2.ll,f72ab9273646dbd3,54,default,False
polybench/linear-algebra/solvers/trisolv/trisolv.c::main,polybench,trisolv,linear-algebra/solvers/trisolv/trisolv.c,main,data/ir/polybench/trisolv/main__03776d629c.ll,e873fb033276e191,25,default,False
polybench/linear-algebra/solvers/trisolv/trisolv.c::init_array,polybench,trisolv,linear-algebra/solvers/trisolv/trisolv.c,init_array,data/ir/polybench/trisolv/init_array__8d7a5c96ed.ll,2283e075b3f1ad78,34,default,False
polybench/linear-algebra/solvers/trisolv/trisolv.c::kernel_trisolv,polybench,trisolv,linear-algebra/solvers/trisolv/trisolv.c,kernel_trisolv,data/ir/polybench/trisolv/kernel_trisolv__2a40f73df3.ll,bbeb213cead3043b,47,default,False
polybench/linear-algebra/solvers/trisolv/trisolv.c::print_array,polybench,trisolv,linear-algebra/solvers/trisolv/trisolv.c,print_array,data/ir/polybench/trisolv/print_array__91d1a27bdd.ll,5776be14fc4b61e6,27,default,False
polybench/linear-algebra/blas/trmm/trmm.c::main,polybench,trmm,linear-algebra/blas/trmm/trmm.c,main,data/ir/polybench/trmm/main__66c52e9df8.ll,cde78ae8ce9dd64b,23,default,False
polybench/linear-algebra/blas/trmm/trmm.c::init_array,polybench,trmm,linear-algebra/blas/trmm/trmm.c,init_array,data/ir/polybench/trmm/init_array__7cb89d5f6a.ll,69e2c4ab5a625ea5,49,default,False
polybench/linear-algebra/blas/trmm/trmm.c::kernel_trmm,polybench,trmm,linear-algebra/blas/trmm/trmm.c,kernel_trmm,data/ir/polybench/trmm/kernel_trmm__dbc54af794.ll,8afa16c2b742d273,51,default,False
