pass_name,method,k,fold,pr_auc,model_size,inference_ms,selected_features
simplifycfg,shap,5,0,0.8523,200,12.32,int_arith_count;fcmp_count;gep_count;icmp_density;max_loop_depth_density
simplifycfg,shap,10,0,0.8523,200,1.31,int_arith_count;icmp_count;fcmp_count;load_count;store_count;gep_count;phi_count;call_count;icmp_density;max_loop_depth_density
simplifycfg,shap,15,0,0.8523,200,0.57,int_arith_count;icmp_count;fcmp_count;load_count;store_count;gep_count;phi_count;call_count;cast_count;select_count;ret_count;invoke_count;switch_count;icmp_density;max_loop_depth_density
simplifycfg,shap,20,0,0.8523,200,0.6,int_arith_count;fp_arith_count;icmp_count;fcmp_count;load_count;store_count;gep_count;phi_count;call_count;cast_count;select_count;ret_count;invoke_count;switch_count;uncond_br_count;bb_count;cfg_edges;blocks_1_pred;icmp_density;max_loop_depth_density
simplifycfg,shap,30,0,0.8523,200,9.79,int_arith_count;fp_arith_count;icmp_count;fcmp_count;load_count;store_count;gep_count;phi_count;call_count;cast_count;select_count;ret_count;invoke_count;switch_count;uncond_br_count;bb_count;cfg_edges;blocks_1_pred;blocks_2_pred;blocks_gt2_pred;blocks_1_succ;blocks_2_succ;blocks_gt2_succ;phi_args_total;const_operands;direct_call_count;intrinsic_call_count;self_recursive_call_count;icmp_density;max_loop_depth_density
simplifycfg,shap,65,0,0.8523,200,0.68,int_arith_count;fp_arith_count;icmp_count;fcmp_count;load_count;store_count;gep_count;alloca_count;phi_count;call_count;cast_count;select_count;ret_count;invoke_count;switch_count;cond_br_count;uncond_br_count;bb_count;cfg_edges;blocks_1_pred;blocks_2_pred;blocks_gt2_pred;blocks_1_succ;blocks_2_succ;blocks_gt2_succ;phi_args_total;const_operands;direct_call_count;intrinsic_call_count;self_recursive_call_count;log_inst_count;int_arith_density;fp_arith_density;icmp_density;fcmp_density;load_density;store_density;gep_density;alloca_density;phi_density;call_density;cast_density;select_density;ret_density;invoke_density;switch_density;cond_br_density;uncond_br_density;bb_density;cfg_edges_density;blocks_1_pred_density;blocks_2_pred_density;blocks_gt2_pred_density;blocks_1_succ_density;blocks_2_succ_density;blocks_gt2_succ_density;phi_args_total_density;const_operands_density;direct_call_density;intrinsic_call_density;self_recursive_call_density;loop_count;max_loop_depth;loop_count_density;max_loop_depth_density
simplifycfg,xgb_gain,5,0,0.8523,200,0.53,int_arith_count;fcmp_count;gep_count;icmp_density;max_loop_depth_density
simplifycfg,xgb_gain,10,0,0.8523,200,0.67,int_arith_count;icmp_count;fcmp_count;load_count;store_count;gep_count;phi_count;call_count;icmp_density;max_loop_depth_density
simplifycfg,xgb_gain,15,0,0.8523,200,0.64,int_arith_count;icmp_count;fcmp_count;load_count;store_count;gep_count;phi_count;call_count;cast_count;select_count;ret_count;invoke_count;switch_count;icmp_density;max_loop_depth_density
simplifycfg,xgb_gain,20,0,0.8523,200,0.71,int_arith_count;fp_arith_count;icmp_count;fcmp_count;load_count;store_count;gep_count;phi_count;call_count;cast_count;select_count;ret_count;invoke_count;switch_count;uncond_br_count;bb_count;cfg_edges;blocks_1_pred;icmp_density;max_loop_depth_density
simplifycfg,xgb_gain,30,0,0.8523,200,14.32,int_arith_count;fp_arith_count;icmp_count;fcmp_count;load_count;store_count;gep_count;phi_count;call_count;cast_count;select_count;ret_count;invoke_count;switch_count;uncond_br_count;bb_count;cfg_edges;blocks_1_pred;blocks_2_pred;blocks_gt2_pred;blocks_1_succ;blocks_2_succ;blocks_gt2_succ;phi_args_total;const_operands;direct_call_count;intrinsic_call_count;self_recursive_call_count;icmp_density;max_loop_depth_density
simplifycfg,xgb_gain,65,0,0.8523,200,0.56,int_arith_count;fp_arith_count;icmp_count;fcmp_count;load_count;store_count;gep_count;alloca_count;phi_count;call_count;cast_count;select_count;ret_count;invoke_count;switch_count;cond_br_count;uncond_br_count;bb_count;cfg_edges;blocks_1_pred;blocks_2_pred;blocks_gt2_pred;blocks_1_succ;blocks_2_succ;blocks_gt2_succ;phi_args_total;const_operands;direct_call_count;intrinsic_call_count;self_recursive_call_count;log_inst_count;int_arith_density;fp_arith_density;icmp_density;fcmp_density;load_density;store_density;gep_density;alloca_density;phi_density;call_density;cast_density;select_density;ret_density;invoke_density;switch_density;cond_br_density;uncond_br_density;bb_density;cfg_edges_density;blocks_1_pred_density;blocks_2_pred_density;blocks_gt2_pred_density;blocks_1_succ_density;blocks_2_succ_density;blocks_gt2_succ_density;phi_args_total_density;const_operands_density;direct_call_density;intrinsic_call_density;self_recursive_call_density;loop_count;max_loop_depth;loop_count_density;max_loop_depth_density
simplifycfg,mutual_info,5,0,0.9773,200,0.61,icmp_count;uncond_br_count;blocks_gt2_pred;direct_call_count;load_density
simplifycfg,mutual_info,10,0,0.9773,200,0.57,icmp_count;load_count;cond_br_count;uncond_br_count;bb_count;cfg_edges;blocks_gt2_pred;blocks_1_succ;direct_call_count;load_density
simplifycfg,mutual_info,15,0,0.9773,200,0.63,icmp_count;load_count;phi_count;cond_br_count;uncond_br_count;bb_count;cfg_edges;blocks_1_pred;blocks_2_pred;blocks_gt2_pred;blocks_1_succ;direct_call_count;log_inst_count;load_density;ret_density
simplifycfg,mutual_info,20,0,0.9356,200,0.51,int_arith_count;icmp_count;load_count;gep_count;phi_count;call_count;cond_br_count;uncond_br_count;bb_count;cfg_edges;blocks_1_pred;blocks_2_pred;blocks_gt2_pred;blocks_1_succ;phi_args_total;direct_call_count;log_inst_count;load_density;ret_density;loop_count
simplifycfg,mutual_info,30,0,0.8523,200,0.56,int_arith_count;icmp_count;load_count;gep_count;phi_count;call_count;cast_count;cond_br_count;uncond_br_count;bb_count;cfg_edges;blocks_1_pred;blocks_2_pred;blocks_gt2_pred;blocks_1_succ;phi_args_total;const_operands;direct_call_count;log_inst_count;int_arith_density;load_density;gep_density;phi_density;cast_density;ret_density;uncond_br_density;bb_density;blocks_1_succ_density;loop_count;loop_count_density
simplifycfg,mutual_info,65,0,0.8523,200,0.51,int_arith_count;fp_arith_count;icmp_count;fcmp_count;load_count;store_count;gep_count;alloca_count;phi_count;call_count;cast_count;select_count;ret_count;invoke_count;switch_count;cond_br_count;uncond_br_count;bb_count;cfg_edges;blocks_1_pred;blocks_2_pred;blocks_gt2_pred;blocks_1_succ;blocks_2_succ;blocks_gt2_succ;phi_args_total;const_operands;direct_call_count;intrinsic_call_count;self_recursive_call_count;log_inst_count;int_arith_density;fp_arith_density;icmp_density;fcmp_density;load_density;store_density;gep_density;alloca_density;phi_density;call_density;cast_density;select_density;ret_density;invoke_density;switch_density;cond_br_density;uncond_br_density;bb_density;cfg_edges_density;blocks_1_pred_density;blocks_2_pred_density;blocks_gt2_pred_density;blocks_1_succ_density;blocks_2_succ_density;blocks_gt2_succ_density;phi_args_total_density;const_operands_density;direct_call_density;intrinsic_call_density;self_recursive_call_density;loop_count;max_loop_depth;loop_count_density;max_loop_depth_density
simplifycfg,random,5,0,0.8011,200,12.0,int_arith_count;store_count;switch_density;blocks_1_succ_density;self_recursive_call_density
simplifycfg,random,10,0,0.8523,200,13.97,int_arith_count;store_count;ret_count;uncond_br_count;log_inst_count;switch_density;blocks_1_succ_density;self_recursive_call_density;loop_count;max_loop_depth_density
simplifycfg,random,15,0,0.8523,200,0.59,int_arith_count;store_count;call_count;ret_count;invoke_count;uncond_br_count;log_inst_count;icmp_density;fcmp_density;cast_density;switch_density;blocks_1_succ_density;self_recursive_call_density;loop_count;max_loop_depth_density
simplifycfg,random,20,0,0.8523,200,0.49,int_arith_count;fcmp_count;store_count;phi_count;call_count;ret_count;invoke_count;uncond_br_count;bb_count;phi_args_total;log_inst_count;icmp_density;fcmp_density;call_density;cast_density;switch_density;blocks_1_succ_density;self_recursive_call_density;loop_count;max_loop_depth_density
simplifycfg,random,30,0,0.8523,200,0.62,int_arith_count;fcmp_count;load_count;store_count;gep_count;phi_count;call_count;ret_count;invoke_count;uncond_br_count;bb_count;blocks_1_pred;phi_args_total;log_inst_count;icmp_density;fcmp_density;store_density;call_density;cast_density;switch_density;bb_density;blocks_1_pred_density;blocks_1_succ_density;blocks_gt2_succ_density;phi_args_total_density;direct_call_density;self_recursive_call_density;loop_count;loop_count_density;max_loop_depth_density
simplifycfg,random,65,0,0.8523,200,0.56,int_arith_count;fp_arith_count;icmp_count;fcmp_count;load_count;store_count;gep_count;alloca_count;phi_count;call_count;cast_count;select_count;ret_count;invoke_count;switch_count;cond_br_count;uncond_br_count;bb_count;cfg_edges;blocks_1_pred;blocks_2_pred;blocks_gt2_pred;blocks_1_succ;blocks_2_succ;blocks_gt2_succ;phi_args_total;const_operands;direct_call_count;intrinsic_call_count;self_recursive_call_count;log_inst_count;int_arith_density;fp_arith_density;icmp_density;fcmp_density;load_density;store_density;gep_density;alloca_density;phi_density;call_density;cast_density;select_density;ret_density;invoke_density;switch_density;cond_br_density;uncond_br_density;bb_density;cfg_edges_density;blocks_1_pred_density;blocks_2_pred_density;blocks_gt2_pred_density;blocks_1_succ_density;blocks_2_succ_density;blocks_gt2_succ_density;phi_args_total_density;const_operands_density;direct_call_density;intrinsic_call_density;self_recursive_call_density;loop_count;max_loop_depth;loop_count_density;max_loop_depth_density
simplifycfg,shap,5,1,1.0,200,3.78,int_arith_count;fcmp_count;load_count;gep_count;const_operands
simplifycfg,shap,10,1,1.0,200,18.15,int_arith_count;fp_arith_count;icmp_count;fcmp_count;load_count;store_count;gep_count;phi_count;call_count;const_operands
simplifycfg,shap,15,1,1.0,200,1.39,int_arith_count;fp_arith_count;icmp_count;fcmp_count;load_count;store_count;gep_count;phi_count;call_count;cast_count;select_count;ret_count;invoke_count;switch_count;const_operands
simplifycfg,shap,20,1,1.0,200,0.59,int_arith_count;fp_arith_count;icmp_count;fcmp_count;load_count;store_count;gep_count;alloca_count;phi_count;call_count;cast_count;select_count;ret_count;invoke_count;switch_count;cond_br_count;uncond_br_count;bb_count;cfg_edges;const_operands
simplifycfg,shap,30,1,1.0,200,0.51,int_arith_count;fp_arith_count;icmp_count;fcmp_count;load_count;store_count;gep_count;alloca_count;phi_count;call_count;cast_count;select_count;ret_count;invoke_count;switch_count;cond_br_count;uncond_br_count;bb_count;cfg_edges;blocks_1_pred;blocks_2_pred;blocks_gt2_pred;blocks_1_succ;blocks_2_succ;blocks_gt2_succ;phi_args_total;const_operands;direct_call_count;intrinsic_call_count;self_recursive_call_count
simplifycfg,shap,65,1,1.0,200,0.51,int_arith_count;fp_arith_count;icmp_count;fcmp_count;load_count;store_count;gep_count;alloca_count;phi_count;call_count;cast_count;select_count;ret_count;invoke_count;switch_count;cond_br_count;uncond_br_count;bb_count;cfg_edges;blocks_1_pred;blocks_2_pred;blocks_gt2_pred;blocks_1_succ;blocks_2_succ;blocks_gt2_succ;phi_args_total;const_operands;direct_call_count;intrinsic_call_count;self_recursive_call_count;log_inst_count;int_arith_density;fp_arith_density;icmp_density;fcmp_density;load_density;store_density;gep_density;alloca_density;phi_density;call_density;cast_density;select_density;ret_density;invoke_density;switch_density;cond_br_density;uncond_br_density;bb_density;cfg_edges_density;blocks_1_pred_density;blocks_2_pred_density;blocks_gt2_pred_density;blocks_1_succ_density;blocks_2_succ_density;blocks_gt2_succ_density;phi_args_total_density;const_operands_density;direct_call_density;intrinsic_call_density;self_recursive_call_density;loop_count;max_loop_depth;loop_count_density;max_loop_depth_density
simplifycfg,xgb_gain,5,1,1.0,200,1.02,int_arith_count;fcmp_count;load_count;gep_count;const_operands
simplifycfg,xgb_gain,10,1,1.0,200,0.63,int_arith_count;fp_arith_count;icmp_count;fcmp_count;load_count;store_count;gep_count;phi_count;call_count;const_operands
simplifycfg,xgb_gain,15,1,1.0,200,0.6,int_arith_count;fp_arith_count;icmp_count;fcmp_count;load_count;store_count;gep_count;phi_count;call_count;cast_count;select_count;ret_count;invoke_count;switch_count;const_operands
simplifycfg,xgb_gain,20,1,1.0,200,0.7,int_arith_count;fp_arith_count;icmp_count;fcmp_count;load_count;store_count;gep_count;alloca_count;phi_count;call_count;cast_count;select_count;ret_count;invoke_count;switch_count;cond_br_count;uncond_br_count;bb_count;cfg_edges;const_operands
simplifycfg,xgb_gain,30,1,1.0,200,0.6,int_arith_count;fp_arith_count;icmp_count;fcmp_count;load_count;store_count;gep_count;alloca_count;phi_count;call_count;cast_count;select_count;ret_count;invoke_count;switch_count;cond_br_count;uncond_br_count;bb_count;cfg_edges;blocks_1_pred;blocks_2_pred;blocks_gt2_pred;blocks_1_succ;blocks_2_succ;blocks_gt2_succ;phi_args_total;const_operands;direct_call_count;intrinsic_call_count;self_recursive_call_count
simplifycfg,xgb_gain,65,1,1.0,200,0.57,int_arith_count;fp_arith_count;icmp_count;fcmp_count;load_count;store_count;gep_count;alloca_count;phi_count;call_count;cast_count;select_count;ret_count;invoke_count;switch_count;cond_br_count;uncond_br_count;bb_count;cfg_edges;blocks_1_pred;blocks_2_pred;blocks_gt2_pred;blocks_1_succ;blocks_2_succ;blocks_gt2_succ;phi_args_total;const_operands;direct_call_count;intrinsic_call_count;self_recursive_call_count;log_inst_count;int_arith_density;fp_arith_density;icmp_density;fcmp_density;load_density;store_density;gep_density;alloca_density;phi_density;call_density;cast_density;select_density;ret_density;invoke_density;switch_density;cond_br_density;uncond_br_density;bb_density;cfg_edges_density;blocks_1_pred_density;blocks_2_pred_density;blocks_gt2_pred_density;blocks_1_succ_density;blocks_2_succ_density;blocks_gt2_succ_density;phi_args_total_density;const_operands_density;direct_call_density;intrinsic_call_density;self_recursive_call_density;loop_count;max_loop_depth;loop_count_density;max_loop_depth_density
simplifycfg,mutual_info,5,1,1.0,200,0.61,load_count;gep_count;call_count;direct_call_count;load_density
simplifycfg,mutual_info,10,1,1.0,200,0.59,load_count;gep_count;call_count;direct_call_count;int_arith_density;load_density;phi_density;blocks_1_pred_density;phi_args_total_density;loop_count_density
simplifycfg,mutual_info,15,1,1.0,200,0.5,load_count;gep_count;call_count;blocks_gt2_pred;const_operands;direct_call_count;int_arith_density;load_density;gep_density;phi_density;uncond_br_density;bb_density;blocks_1_pred_density;phi_args_total_density;loop_count_density
simplifycfg,mutual_info,20,1,1.0,200,0.58,int_arith_count;load_count;gep_count;call_count;blocks_2_pred;blocks_gt2_pred;const_operands;direct_call_count;int_arith_density;load_density;gep_density;phi_density;uncond_br_density;bb_density;cfg_edges_density;blocks_1_pred_density;blocks_2_pred_density;blocks_1_succ_density;phi_args_total_density;loop_count_density
simplifycfg,mutual_info,30,1,1.0,200,0.55,int_arith_count;load_count;gep_count;phi_count;call_count;bb_count;blocks_1_pred;blocks_2_pred;blocks_gt2_pred;blocks_1_succ;const_operands;direct_call_count;int_arith_density;load_density;gep_density;phi_density;call_density;cond_br_density;uncond_br_density;bb_density;cfg_edges_density;blocks_1_pred_density;blocks_2_pred_density;blocks_gt2_pred_density;blocks_1_succ_density;phi_args_total_density;const_operands_density;loop_count;loop_count_density;max_loop_depth_density
simplifycfg,mutual_info,65,1,1.0,200,0.52,int_arith_count;fp_arith_count;icmp_count;fcmp_count;load_count;store_count;gep_count;alloca_count;phi_count;call_count;cast_count;select_count;ret_count;invoke_count;switch_count;cond_br_count;uncond_br_count;bb_count;cfg_edges;blocks_1_pred;blocks_2_pred;blocks_gt2_pred;blocks_1_succ;blocks_2_succ;blocks_gt2_succ;phi_args_total;const_operands;direct_call_count;intrinsic_call_count;self_recursive_call_count;log_inst_count;int_arith_density;fp_arith_density;icmp_density;fcmp_density;load_density;store_density;gep_density;alloca_density;phi_density;call_density;cast_density;select_density;ret_density;invoke_density;switch_density;cond_br_density;uncond_br_density;bb_density;cfg_edges_density;blocks_1_pred_density;blocks_2_pred_density;blocks_gt2_pred_density;blocks_1_succ_density;blocks_2_succ_density;blocks_gt2_succ_density;phi_args_total_density;const_operands_density;direct_call_density;intrinsic_call_density;self_recursive_call_density;loop_count;max_loop_depth;loop_count_density;max_loop_depth_density
simplifycfg,random,5,1,1.0,200,0.45,int_arith_count;store_count;switch_density;blocks_1_succ_density;self_recursive_call_density
simplifycfg,random,10,1,1.0,200,0.58,int_arith_count;store_count;ret_count;uncond_br_count;log_inst_count;switch_density;blocks_1_succ_density;self_recursive_call_density;loop_count;max_loop_depth_density
simplifycfg,random,15,1,1.0,200,0.58,int_arith_count;store_count;call_count;ret_count;invoke_count;uncond_br_count;log_inst_count;icmp_density;fcmp_density;cast_density;switch_density;blocks_1_succ_density;self_recursive_call_density;loop_count;max_loop_depth_density
simplifycfg,random,20,1,1.0,200,0.77,int_arith_count;fcmp_count;store_count;phi_count;call_count;ret_count;invoke_count;uncond_br_count;bb_count;phi_args_total;log_inst_count;icmp_density;fcmp_density;call_density;cast_density;switch_density;blocks_1_succ_density;self_recursive_call_density;loop_count;max_loop_depth_density
simplifycfg,random,30,1,1.0,200,0.57,int_arith_count;fcmp_count;load_count;store_count;gep_count;phi_count;call_count;ret_count;invoke_count;uncond_br_count;bb_count;blocks_1_pred;phi_args_total;log_inst_count;icmp_density;fcmp_density;store_density;call_density;cast_density;switch_density;bb_density;blocks_1_pred_density;blocks_1_succ_density;blocks_gt2_succ_density;phi_args_total_density;direct_call_density;self_recursive_call_density;loop_count;loop_count_density;max_loop_depth_density
simplifycfg,random,65,1,1.0,200,0.66,int_arith_count;fp_arith_count;icmp_count;fcmp_count;load_count;store_count;gep_count;alloca_count;phi_count;call_count;cast_count;select_count;ret_count;invoke_count;switch_count;cond_br_count;uncond_br_count;bb_count;cfg_edges;blocks_1_pred;blocks_2_pred;blocks_gt2_pred;blocks_1_succ;blocks_2_succ;blocks_gt2_succ;phi_args_total;const_operands;direct_call_count;intrinsic_call_count;self_recursive_call_count;log_inst_count;int_arith_density;fp_arith_density;icmp_density;fcmp_density;load_density;store_density;gep_density;alloca_density;phi_density;call_density;cast_density;select_density;ret_density;invoke_density;switch_density;cond_br_density;uncond_br_density;bb_density;cfg_edges_density;blocks_1_pred_density;blocks_2_pred_density;blocks_gt2_pred_density;blocks_1_succ_density;blocks_2_succ_density;blocks_gt2_succ_density;phi_args_total_density;const_operands_density;direct_call_density;intrinsic_call_density;self_recursive_call_density;loop_count;max_loop_depth;loop_count_density;max_loop_depth_density
simplifycfg,shap,5,2,0.75,200,0.52,int_arith_count;const_operands;log_inst_count;const_operands_density;max_loop_depth_density
simplifycfg,shap,10,2,0.75,200,0.63,int_arith_count;load_count;store_count;phi_count;call_count;const_operands;log_inst_count;int_arith_density;const_operands_density;max_loop_depth_density
simplifycfg,shap,15,2,0.75,200,0.55,int_arith_count;icmp_count;load_count;store_count;gep_count;phi_count;call_count;cast_count;select_count;ret_count;const_operands;log_inst_count;int_arith_density;const_operands_density;max_loop_depth_density
simplifycfg,shap,20,2,0.75,200,0.58,int_arith_count;icmp_count;fcmp_count;load_count;store_count;gep_count;phi_count;call_count;cast_count;select_count;ret_count;invoke_count;switch_count;cond_br_count;uncond_br_count;const_operands;log_inst_count;int_arith_density;const_operands_density;max_loop_depth_density
simplifycfg,shap,30,2,0.75,200,0.61,int_arith_count;icmp_count;fcmp_count;load_count;store_count;gep_count;phi_count;call_count;cast_count;select_count;ret_count;invoke_count;switch_count;cond_br_count;uncond_br_count;bb_count;cfg_edges;blocks_1_pred;blocks_2_pred;blocks_gt2_pred;blocks_1_succ;blocks_2_succ;blocks_gt2_succ;phi_args_total;const_operands;direct_call_count;log_inst_count;int_arith_density;const_operands_density;max_loop_depth_density
simplifycfg,shap,65,2,0.75,200,0.48,int_arith_count;fp_arith_count;icmp_count;fcmp_count;load_count;store_count;gep_count;alloca_count;phi_count;call_count;cast_count;select_count;ret_count;invoke_count;switch_count;cond_br_count;uncond_br_count;bb_count;cfg_edges;blocks_1_pred;blocks_2_pred;blocks_gt2_pred;blocks_1_succ;blocks_2_succ;blocks_gt2_succ;phi_args_total;const_operands;direct_call_count;intrinsic_call_count;self_recursive_call_count;log_inst_count;int_arith_density;fp_arith_density;icmp_density;fcmp_density;load_density;store_density;gep_density;alloca_density;phi_density;call_density;cast_density;select_density;ret_density;invoke_density;switch_density;cond_br_density;uncond_br_density;bb_density;cfg_edges_density;blocks_1_pred_density;blocks_2_pred_density;blocks_gt2_pred_density;blocks_1_succ_density;blocks_2_succ_density;blocks_gt2_succ_density;phi_args_total_density;const_operands_density;direct_call_density;intrinsic_call_density;self_recursive_call_density;loop_count;max_loop_depth;loop_count_density;max_loop_depth_density
simplifycfg,xgb_gain,5,2,0.75,200,0.59,int_arith_count;load_count;const_operands;int_arith_density;max_loop_depth_density
simplifycfg,xgb_gain,10,2,0.75,200,0.6,int_arith_count;load_count;store_count;phi_count;call_count;const_operands;log_inst_count;int_arith_density;const_operands_density;max_loop_depth_density
simplifycfg,xgb_gain,15,2,0.75,200,0.54,int_arith_count;icmp_count;load_count;store_count;gep_count;phi_count;call_count;cast_count;select_count;ret_count;const_operands;log_inst_count;int_arith_density;const_operands_density;max_loop_depth_density
simplifycfg,xgb_gain,20,2,0.75,200,0.71,int_arith_count;icmp_count;fcmp_count;load_count;store_count;gep_count;phi_count;call_count;cast_count;select_count;ret_count;invoke_count;switch_count;cond_br_count;uncond_br_count;const_operands;log_inst_count;int_arith_density;const_operands_density;max_loop_depth_density
simplifycfg,xgb_gain,30,2,0.75,200,0.5,int_arith_count;icmp_count;fcmp_count;load_count;store_count;gep_count;phi_count;call_count;cast_count;select_count;ret_count;invoke_count;switch_count;cond_br_count;uncond_br_count;bb_count;cfg_edges;blocks_1_pred;blocks_2_pred;blocks_gt2_pred;blocks_1_succ;blocks_2_succ;blocks_gt2_succ;phi_args_total;const_operands;direct_call_count;log_inst_count;int_arith_density;const_operands_density;max_loop_depth_density
simplifycfg,xgb_gain,65,2,0.75,200,0.65,int_arith_count;fp_arith_count;icmp_count;fcmp_count;load_count;store_count;gep_count;alloca_count;phi_count;call_count;cast_count;select_count;ret_count;invoke_count;switch_count;cond_br_count;uncond_br_count;bb_count;cfg_edges;blocks_1_pred;blocks_2_pred;blocks_gt2_pred;blocks_1_succ;blocks_2_succ;blocks_gt2_succ;phi_args_total;const_operands;direct_call_count;intrinsic_call_count;self_recursive_call_count;log_inst_count;int_arith_density;fp_arith_density;icmp_density;fcmp_density;load_density;store_density;gep_density;alloca_density;phi_density;call_density;cast_density;select_density;ret_density;invoke_density;switch_density;cond_br_density;uncond_br_density;bb_density;cfg_edges_density;blocks_1_pred_density;blocks_2_pred_density;blocks_gt2_pred_density;blocks_1_succ_density;blocks_2_succ_density;blocks_gt2_succ_density;phi_args_total_density;const_operands_density;direct_call_density;intrinsic_call_density;self_recursive_call_density;loop_count;max_loop_depth;loop_count_density;max_loop_depth_density
simplifycfg,mutual_info,5,2,0.75,200,0.65,blocks_gt2_pred;direct_call_count;call_density;cast_density;loop_count
simplifycfg,mutual_info,10,2,0.75,200,0.45,call_count;cast_count;blocks_2_pred;blocks_gt2_pred;direct_call_count;load_density;call_density;cast_density;direct_call_density;loop_count
simplifycfg,mutual_info,15,2,0.75,200,0.51,call_count;cast_count;blocks_2_pred;blocks_gt2_pred;direct_call_count;int_arith_density;load_density;phi_density;call_density;cast_density;blocks_1_pred_density;phi_args_total_density;direct_call_density;loop_count;loop_count_density
simplifycfg,mutual_info,20,2,0.75,200,0.6,load_count;call_count;cast_count;blocks_2_pred;blocks_gt2_pred;direct_call_count;int_arith_density;load_density;gep_density;phi_density;call_density;cast_density;blocks_1_pred_density;blocks_2_pred_density;phi_args_total_density;const_operands_density;direct_call_density;loop_count;max_loop_depth;loop_count_density
simplifycfg,mutual_info,30,2,0.75,200,0.44,load_count;call_count;cast_count;uncond_br_count;blocks_2_pred;blocks_gt2_pred;blocks_1_succ;phi_args_total;const_operands;direct_call_count;int_arith_density;load_density;gep_density;phi_density;call_density;cast_density;uncond_br_density;bb_density;cfg_edges_density;blocks_1_pred_density;blocks_2_pred_density;blocks_gt2_pred_density;blocks_1_succ_density;phi_args_total_density;const_operands_density;direct_call_density;loop_count;max_loop_depth;loop_count_density;max_loop_depth_density
simplifycfg,mutual_info,65,2,0.75,200,0.48,int_arith_count;fp_arith_count;icmp_count;fcmp_count;load_count;store_count;gep_count;alloca_count;phi_count;call_count;cast_count;select_count;ret_count;invoke_count;switch_count;cond_br_count;uncond_br_count;bb_count;cfg_edges;blocks_1_pred;blocks_2_pred;blocks_gt2_pred;blocks_1_succ;blocks_2_succ;blocks_gt2_succ;phi_args_total;const_operands;direct_call_count;intrinsic_call_count;self_recursive_call_count;log_inst_count;int_arith_density;fp_arith_density;icmp_density;fcmp_density;load_density;store_density;gep_density;alloca_density;phi_density;call_density;cast_density;select_density;ret_density;invoke_density;switch_density;cond_br_density;uncond_br_density;bb_density;cfg_edges_density;blocks_1_pred_density;blocks_2_pred_density;blocks_gt2_pred_density;blocks_1_succ_density;blocks_2_succ_density;blocks_gt2_succ_density;phi_args_total_density;const_operands_density;direct_call_density;intrinsic_call_density;self_recursive_call_density;loop_count;max_loop_depth;loop_count_density;max_loop_depth_density
simplifycfg,random,5,2,0.75,200,0.48,int_arith_count;store_count;switch_density;blocks_1_succ_density;self_recursive_call_density
simplifycfg,random,10,2,0.75,200,0.47,int_arith_count;store_count;ret_count;uncond_br_count;log_inst_count;switch_density;blocks_1_succ_density;self_recursive_call_density;loop_count;max_loop_depth_density
simplifycfg,random,15,2,0.75,200,0.61,int_arith_count;store_count;call_count;ret_count;invoke_count;uncond_br_count;log_inst_count;icmp_density;fcmp_density;cast_density;switch_density;blocks_1_succ_density;self_recursive_call_density;loop_count;max_loop_depth_density
simplifycfg,random,20,2,0.75,200,0.55,int_arith_count;fcmp_count;store_count;phi_count;call_count;ret_count;invoke_count;uncond_br_count;bb_count;phi_args_total;log_inst_count;icmp_density;fcmp_density;call_density;cast_density;switch_density;blocks_1_succ_density;self_recursive_call_density;loop_count;max_loop_depth_density
simplifycfg,random,30,2,0.75,200,0.46,int_arith_count;fcmp_count;load_count;store_count;gep_count;phi_count;call_count;ret_count;invoke_count;uncond_br_count;bb_count;blocks_1_pred;phi_args_total;log_inst_count;icmp_density;fcmp_density;store_density;call_density;cast_density;switch_density;bb_density;blocks_1_pred_density;blocks_1_succ_density;blocks_gt2_succ_density;phi_args_total_density;direct_call_density;self_recursive_call_density;loop_count;loop_count_density;max_loop_depth_density
simplifycfg,random,65,2,0.75,200,0.68,int_arith_count;fp_arith_count;icmp_count;fcmp_count;load_count;store_count;gep_count;alloca_count;phi_count;call_count;cast_count;select_count;ret_count;invoke_count;switch_count;cond_br_count;uncond_br_count;bb_count;cfg_edges;blocks_1_pred;blocks_2_pred;blocks_gt2_pred;blocks_1_succ;blocks_2_succ;blocks_gt2_succ;phi_args_total;const_operands;direct_call_count;intrinsic_call_count;self_recursive_call_count;log_inst_count;int_arith_density;fp_arith_density;icmp_density;fcmp_density;load_density;store_density;gep_density;alloca_density;phi_density;call_density;cast_density;select_density;ret_density;invoke_density;switch_density;cond_br_density;uncond_br_density;bb_density;cfg_edges_density;blocks_1_pred_density;blocks_2_pred_density;blocks_gt2_pred_density;blocks_1_succ_density;blocks_2_succ_density;blocks_gt2_succ_density;phi_args_total_density;const_operands_density;direct_call_density;intrinsic_call_density;self_recursive_call_density;loop_count;max_loop_depth;loop_count_density;max_loop_depth_density
early-cse,shap,5,0,0.8906,200,0.51,int_arith_count;fcmp_count;gep_count;icmp_density;cast_density
early-cse,shap,10,0,0.8906,200,0.53,int_arith_count;fp_arith_count;icmp_count;fcmp_count;load_count;gep_count;phi_count;call_count;icmp_density;cast_density
early-cse,shap,15,0,0.8906,200,0.54,int_arith_count;fp_arith_count;icmp_count;fcmp_count;load_count;store_count;gep_count;phi_count;call_count;cast_count;select_count;ret_count;invoke_count;icmp_density;cast_density
early-cse,shap,20,0,0.8906,200,0.55,int_arith_count;fp_arith_count;icmp_count;fcmp_count;load_count;store_count;gep_count;alloca_count;phi_count;call_count;cast_count;select_count;ret_count;invoke_count;uncond_br_count;bb_count;cfg_edges;blocks_1_pred;icmp_density;cast_density
early-cse,shap,30,0,0.8906,200,0.54,int_arith_count;fp_arith_count;icmp_count;fcmp_count;load_count;store_count;gep_count;alloca_count;phi_count;call_count;cast_count;select_count;ret_count;invoke_count;uncond_br_count;bb_count;cfg_edges;blocks_1_pred;blocks_2_pred;blocks_gt2_pred;blocks_1_succ;blocks_2_succ;blocks_gt2_succ;phi_args_total;const_operands;direct_call_count;intrinsic_call_count;self_recursive_call_count;icmp_density;cast_density
early-cse,shap,65,0,0.8906,200,0.69,int_arith_count;fp_arith_count;icmp_count;fcmp_count;load_count;store_count;gep_count;alloca_count;phi_count;call_count;cast_count;select_count;ret_count;invoke_count;switch_count;cond_br_count;uncond_br_count;bb_count;cfg_edges;blocks_1_pred;blocks_2_pred;blocks_gt2_pred;blocks_1_succ;blocks_2_succ;blocks_gt2_succ;phi_args_total;const_operands;direct_call_count;intrinsic_call_count;self_recursive_call_count;log_inst_count;int_arith_density;fp_arith_density;icmp_density;fcmp_density;load_density;store_density;gep_density;alloca_density;phi_density;call_density;cast_density;select_density;ret_density;invoke_density;switch_density;cond_br_density;uncond_br_density;bb_density;cfg_edges_density;blocks_1_pred_density;blocks_2_pred_density;blocks_gt2_pred_density;blocks_1_succ_density;blocks_2_succ_density;blocks_gt2_succ_density;phi_args_total_density;const_operands_density;direct_call_density;intrinsic_call_density;self_recursive_call_density;loop_count;max_loop_depth;loop_count_density;max_loop_depth_density
early-cse,xgb_gain,5,0,0.8906,200,0.73,int_arith_count;fcmp_count;gep_count;icmp_density;cast_density
early-cse,xgb_gain,10,0,0.8906,200,0.48,int_arith_count;fp_arith_count;icmp_count;fcmp_count;load_count;gep_count;phi_count;call_count;icmp_density;cast_density
early-cse,xgb_gain,15,0,0.8906,200,0.46,int_arith_count;fp_arith_count;icmp_count;fcmp_count;load_count;store_count;gep_count;phi_count;call_count;cast_count;select_count;ret_count;invoke_count;icmp_density;cast_density
early-cse,xgb_gain,20,0,0.8906,200,0.51,int_arith_count;fp_arith_count;icmp_count;fcmp_count;load_count;store_count;gep_count;alloca_count;phi_count;call_count;cast_count;select_count;ret_count;invoke_count;uncond_br_count;bb_count;cfg_edges;blocks_1_pred;icmp_density;cast_density
early-cse,xgb_gain,30,0,0.8906,200,0.78,int_arith_count;fp_arith_count;icmp_count;fcmp_count;load_count;store_count;gep_count;alloca_count;phi_count;call_count;cast_count;select_count;ret_count;invoke_count;uncond_br_count;bb_count;cfg_edges;blocks_1_pred;blocks_2_pred;blocks_gt2_pred;blocks_1_succ;blocks_2_succ;blocks_gt2_succ;phi_args_total;const_operands;direct_call_count;intrinsic_call_count;self_recursive_call_count;icmp_density;cast_density
early-cse,xgb_gain,65,0,0.8906,200,0.89,int_arith_count;fp_arith_count;icmp_count;fcmp_count;load_count;store_count;gep_count;alloca_count;phi_count;call_count;cast_count;select_count;ret_count;invoke_count;switch_count;cond_br_count;uncond_br_count;bb_count;cfg_edges;blocks_1_pred;blocks_2_pred;blocks_gt2_pred;blocks_1_succ;blocks_2_succ;blocks_gt2_succ;phi_args_total;const_operands;direct_call_count;intrinsic_call_count;self_recursive_call_count;log_inst_count;int_arith_density;fp_arith_density;icmp_density;fcmp_density;load_density;store_density;gep_density;alloca_density;phi_density;call_density;cast_density;select_density;ret_density;invoke_density;switch_density;cond_br_density;uncond_br_density;bb_density;cfg_edges_density;blocks_1_pred_density;blocks_2_pred_density;blocks_gt2_pred_density;blocks_1_succ_density;blocks_2_succ_density;blocks_gt2_succ_density;phi_args_total_density;const_operands_density;direct_call_density;intrinsic_call_density;self_recursive_call_density;loop_count;max_loop_depth;loop_count_density;max_loop_depth_density
early-cse,mutual_info,5,0,0.5729,200,0.48,int_arith_count;bb_density;blocks_2_pred_density;phi_args_total_density;loop_count_density
early-cse,mutual_info,10,0,0.8906,200,0.52,int_arith_count;phi_density;cast_density;cond_br_density;bb_density;cfg_edges_density;blocks_2_pred_density;phi_args_total_density;loop_count_density;max_loop_depth_density
early-cse,mutual_info,15,0,0.8906,200,0.58,int_arith_count;blocks_1_pred;phi_args_total;icmp_density;phi_density;cast_density;cond_br_density;bb_density;cfg_edges_density;blocks_2_pred_density;blocks_2_succ_density;phi_args_total_density;direct_call_density;loop_count_density;max_loop_depth_density
early-cse,mutual_info,20,0,0.8906,200,0.43,int_arith_count;phi_count;blocks_1_pred;phi_args_total;icmp_density;phi_density;cast_density;ret_density;cond_br_density;uncond_br_density;bb_density;cfg_edges_density;blocks_2_pred_density;blocks_1_succ_density;blocks_2_succ_density;phi_args_total_density;direct_call_density;loop_count;loop_count_density;max_loop_depth_density
early-cse,mutual_info,30,0,0.8906,200,0.74,int_arith_count;gep_count;phi_count;uncond_br_count;bb_count;cfg_edges;blocks_1_pred;blocks_2_pred;blocks_1_succ;phi_args_total;log_inst_count;icmp_density;gep_density;phi_density;cast_density;ret_density;cond_br_density;uncond_br_density;bb_density;cfg_edges_density;blocks_1_pred_density;blocks_2_pred_density;blocks_1_succ_density;blocks_2_succ_density;phi_args_total_density;const_operands_density;direct_call_density;loop_count;loop_count_density;max_loop_depth_density
early-cse,mutual_info,65,0,0.8906,200,0.52,int_arith_count;fp_arith_count;icmp_count;fcmp_count;load_count;store_count;gep_count;alloca_count;phi_count;call_count;cast_count;select_count;ret_count;invoke_count;switch_count;cond_br_count;uncond_br_count;bb_count;cfg_edges;blocks_1_pred;blocks_2_pred;blocks_gt2_pred;blocks_1_succ;blocks_2_succ;blocks_gt2_succ;phi_args_total;const_operands;direct_call_count;intrinsic_call_count;self_recursive_call_count;log_inst_count;int_arith_density;fp_arith_density;icmp_density;fcmp_density;load_density;store_density;gep_density;alloca_density;phi_density;call_density;cast_density;select_density;ret_density;invoke_density;switch_density;cond_br_density;uncond_br_density;bb_density;cfg_edges_density;blocks_1_pred_density;blocks_2_pred_density;blocks_gt2_pred_density;blocks_1_succ_density;blocks_2_succ_density;blocks_gt2_succ_density;phi_args_total_density;const_operands_density;direct_call_density;intrinsic_call_density;self_recursive_call_density;loop_count;max_loop_depth;loop_count_density;max_loop_depth_density
early-cse,random,5,0,0.4062,200,0.5,int_arith_count;store_count;switch_density;blocks_1_succ_density;self_recursive_call_density
early-cse,random,10,0,0.4323,200,0.51,int_arith_count;store_count;ret_count;uncond_br_count;log_inst_count;switch_density;blocks_1_succ_density;self_recursive_call_density;loop_count;max_loop_depth_density
early-cse,random,15,0,0.8906,200,0.57,int_arith_count;store_count;call_count;ret_count;invoke_count;uncond_br_count;log_inst_count;icmp_density;fcmp_density;cast_density;switch_density;blocks_1_succ_density;self_recursive_call_density;loop_count;max_loop_depth_density
early-cse,random,20,0,0.8906,200,0.59,int_arith_count;fcmp_count;store_count;phi_count;call_count;ret_count;invoke_count;uncond_br_count;bb_count;phi_args_total;log_inst_count;icmp_density;fcmp_density;call_density;cast_density;switch_density;blocks_1_succ_density;self_recursive_call_density;loop_count;max_loop_depth_density
early-cse,random,30,0,0.8906,200,0.58,int_arith_count;fcmp_count;load_count;store_count;gep_count;phi_count;call_count;ret_count;invoke_count;uncond_br_count;bb_count;blocks_1_pred;phi_args_total;log_inst_count;icmp_density;fcmp_density;store_density;call_density;cast_density;switch_density;bb_density;blocks_1_pred_density;blocks_1_succ_density;blocks_gt2_succ_density;phi_args_total_density;direct_call_density;self_recursive_call_density;loop_count;loop_count_density;max_loop_depth_density
early-cse,random,65,0,0.8906,200,0.7,int_arith_count;fp_arith_count;icmp_count;fcmp_count;load_count;store_count;gep_count;alloca_count;phi_count;call_count;cast_count;select_count;ret_count;invoke_count;switch_count;cond_br_count;uncond_br_count;bb_count;cfg_edges;blocks_1_pred;blocks_2_pred;blocks_gt2_pred;blocks_1_succ;blocks_2_succ;blocks_gt2_succ;phi_args_total;const_operands;direct_call_count;intrinsic_call_count;self_recursive_call_count;log_inst_count;int_arith_density;fp_arith_density;icmp_density;fcmp_density;load_density;store_density;gep_density;alloca_density;phi_density;call_density;cast_density;select_density;ret_density;invoke_density;switch_density;cond_br_density;uncond_br_density;bb_density;cfg_edges_density;blocks_1_pred_density;blocks_2_pred_density;blocks_gt2_pred_density;blocks_1_succ_density;blocks_2_succ_density;blocks_gt2_succ_density;phi_args_total_density;const_operands_density;direct_call_density;intrinsic_call_density;self_recursive_call_density;loop_count;max_loop_depth;loop_count_density;max_loop_depth_density
early-cse,shap,5,1,1.0,200,0.5,int_arith_count;gep_count;const_operands;log_inst_count;icmp_density
early-cse,shap,10,1,1.0,200,0.62,int_arith_count;fcmp_count;gep_count;phi_count;call_count;const_operands;log_inst_count;icmp_density;load_density;const_operands_density
early-cse,shap,15,1,1.0,200,0.54,int_arith_count;icmp_count;fcmp_count;load_count;gep_count;phi_count;call_count;cast_count;select_count;ret_count;const_operands;log_inst_count;icmp_density;load_density;const_operands_density
early-cse,shap,20,1,1.0,200,0.58,int_arith_count;fp_arith_count;icmp_count;fcmp_count;load_count;gep_count;phi_count;call_count;cast_count;select_count;ret_count;switch_count;cond_br_count;uncond_br_count;bb_count;const_operands;log_inst_count;icmp_density;load_density;const_operands_density
early-cse,shap,30,1,1.0,200,0.85,int_arith_count;fp_arith_count;icmp_count;fcmp_count;load_count;gep_count;phi_count;call_count;cast_count;select_count;ret_count;invoke_count;switch_count;cond_br_count;uncond_br_count;bb_count;cfg_edges;blocks_1_pred;blocks_2_pred;blocks_gt2_pred;blocks_1_succ;blocks_2_succ;blocks_gt2_succ;phi_args_total;const_operands;direct_call_count;log_inst_count;icmp_density;load_density;const_operands_density
early-cse,shap,65,1,1.0,200,0.62,int_arith_count;fp_arith_count;icmp_count;fcmp_count;load_count;store_count;gep_count;alloca_count;phi_count;call_count;cast_count;select_count;ret_count;invoke_count;switch_count;cond_br_count;uncond_br_count;bb_count;cfg_edges;blocks_1_pred;blocks_2_pred;blocks_gt2_pred;blocks_1_succ;blocks_2_succ;blocks_gt2_succ;phi_args_total;const_operands;direct_call_count;intrinsic_call_count;self_recursive_call_count;log_inst_count;int_arith_density;fp_arith_density;icmp_density;fcmp_density;load_density;store_density;gep_density;alloca_density;phi_density;call_density;cast_density;select_density;ret_density;invoke_density;switch_density;cond_br_density;uncond_br_density;bb_density;cfg_edges_density;blocks_1_pred_density;blocks_2_pred_density;blocks_gt2_pred_density;blocks_1_succ_density;blocks_2_succ_density;blocks_gt2_succ_density;phi_args_total_density;const_operands_density;direct_call_density;intrinsic_call_density;self_recursive_call_density;loop_count;max_loop_depth;loop_count_density;max_loop_depth_density
early-cse,xgb_gain,5,1,1.0,200,0.6,int_arith_count;gep_count;const_operands;log_inst_count;icmp_density
early-cse,xgb_gain,10,1,1.0,200,0.8,int_arith_count;fcmp_count;gep_count;phi_count;call_count;const_operands;log_inst_count;icmp_density;load_density;const_operands_density
early-cse,xgb_gain,15,1,1.0,200,0.68,int_arith_count;icmp_count;fcmp_count;load_count;gep_count;phi_count;call_count;cast_count;select_count;ret_count;const_operands;log_inst_count;icmp_density;load_density;const_operands_density
early-cse,xgb_gain,20,1,1.0,200,0.57,int_arith_count;fp_arith_count;icmp_count;fcmp_count;load_count;gep_count;phi_count;call_count;cast_count;select_count;ret_count;switch_count;cond_br_count;uncond_br_count;bb_count;const_operands;log_inst_count;icmp_density;load_density;const_operands_density
early-cse,xgb_gain,30,1,1.0,200,0.48,int_arith_count;fp_arith_count;icmp_count;fcmp_count;load_count;gep_count;phi_count;call_count;cast_count;select_count;ret_count;invoke_count;switch_count;cond_br_count;uncond_br_count;bb_count;cfg_edges;blocks_1_pred;blocks_2_pred;blocks_gt2_pred;blocks_1_succ;blocks_2_succ;blocks_gt2_succ;phi_args_total;const_operands;direct_call_count;log_inst_count;icmp_density;load_density;const_operands_density
early-cse,xgb_gain,65,1,1.0,200,0.55,int_arith_count;fp_arith_count;icmp_count;fcmp_count;load_count;store_count;gep_count;alloca_count;phi_count;call_count;cast_count;select_count;ret_count;invoke_count;switch_count;cond_br_count;uncond_br_count;bb_count;cfg_edges;blocks_1_pred;blocks_2_pred;blocks_gt2_pred;blocks_1_succ;blocks_2_succ;blocks_gt2_succ;phi_args_total;const_operands;direct_call_count;intrinsic_call_count;self_recursive_call_count;log_inst_count;int_arith_density;fp_arith_density;icmp_density;fcmp_density;load_density;store_density;gep_density;alloca_density;phi_density;call_density;cast_density;select_density;ret_density;invoke_density;switch_density;cond_br_density;uncond_br_density;bb_density;cfg_edges_density;blocks_1_pred_density;blocks_2_pred_density;blocks_gt2_pred_density;blocks_1_succ_density;blocks_2_succ_density;blocks_gt2_succ_density;phi_args_total_density;const_operands_density;direct_call_density;intrinsic_call_density;self_recursive_call_density;loop_count;max_loop_depth;loop_count_density;max_loop_depth_density
early-cse,mutual_info,5,1,0.8333,200,0.46,cast_count;call_density;uncond_br_density;bb_density;loop_count_density
early-cse,mutual_info,10,1,0.8333,200,0.49,load_count;gep_count;phi_count;cast_count;call_density;uncond_br_density;bb_density;blocks_1_succ_density;direct_call_density;loop_count_density
early-cse,mutual_info,15,1,0.8333,200,0.51,load_count;gep_count;phi_count;cast_count;bb_count;blocks_1_pred;phi_density;call_density;uncond_br_density;bb_density;cfg_edges_density;blocks_2_pred_density;blocks_1_succ_density;direct_call_density;loop_count_density
early-cse,mutual_info,20,1,0.8333,200,0.78,load_count;gep_count;phi_count;cast_count;uncond_br_count;bb_count;blocks_1_pred;blocks_1_succ;phi_args_total;phi_density;call_density;uncond_br_density;bb_density;cfg_edges_density;blocks_1_pred_density;blocks_2_pred_density;blocks_1_succ_density;phi_args_total_density;direct_call_density;loop_count_density
early-cse,mutual_info,30,1,0.5833,200,0.46,int_arith_count;load_count;gep_count;phi_count;call_count;cast_count;uncond_br_count;bb_count;cfg_edges;blocks_1_pred;blocks_2_pred;blocks_1_succ;phi_args_total;int_arith_density;load_density;gep_density;phi_density;call_density;cast_density;uncond_br_density;bb_density;cfg_edges_density;blocks_1_pred_density;blocks_2_pred_density;blocks_1_succ_density;phi_args_total_density;direct_call_density;intrinsic_call_density;loop_count;loop_count_density
early-cse,mutual_info,65,1,1.0,200,0.6,int_arith_count;fp_arith_count;icmp_count;fcmp_count;load_count;store_count;gep_count;alloca_count;phi_count;call_count;cast_count;select_count;ret_count;invoke_count;switch_count;cond_br_count;uncond_br_count;bb_count;cfg_edges;blocks_1_pred;blocks_2_pred;blocks_gt2_pred;blocks_1_succ;blocks_2_succ;blocks_gt2_succ;phi_args_total;const_operands;direct_call_count;intrinsic_call_count;self_recursive_call_count;log_inst_count;int_arith_density;fp_arith_density;icmp_density;fcmp_density;load_density;store_density;gep_density;alloca_density;phi_density;call_density;cast_density;select_density;ret_density;invoke_density;switch_density;cond_br_density;uncond_br_density;bb_density;cfg_edges_density;blocks_1_pred_density;blocks_2_pred_density;blocks_gt2_pred_density;blocks_1_succ_density;blocks_2_succ_density;blocks_gt2_succ_density;phi_args_total_density;const_operands_density;direct_call_density;intrinsic_call_density;self_recursive_call_density;loop_count;max_loop_depth;loop_count_density;max_loop_depth_density
early-cse,random,5,1,0.8333,200,0.58,int_arith_count;store_count;switch_density;blocks_1_succ_density;self_recursive_call_density
early-cse,random,10,1,0.5833,200,0.67,int_arith_count;store_count;ret_count;uncond_br_count;log_inst_count;switch_density;blocks_1_succ_density;self_recursive_call_density;loop_count;max_loop_depth_density
early-cse,random,15,1,1.0,200,0.59,int_arith_count;store_count;call_count;ret_count;invoke_count;uncond_br_count;log_inst_count;icmp_density;fcmp_density;cast_density;switch_density;blocks_1_succ_density;self_recursive_call_density;loop_count;max_loop_depth_density
early-cse,random,20,1,1.0,200,0.77,int_arith_count;fcmp_count;store_count;phi_count;call_count;ret_count;invoke_count;uncond_br_count;bb_count;phi_args_total;log_inst_count;icmp_density;fcmp_density;call_density;cast_density;switch_density;blocks_1_succ_density;self_recursive_call_density;loop_count;max_loop_depth_density
early-cse,random,30,1,1.0,200,0.48,int_arith_count;fcmp_count;load_count;store_count;gep_count;phi_count;call_count;ret_count;invoke_count;uncond_br_count;bb_count;blocks_1_pred;phi_args_total;log_inst_count;icmp_density;fcmp_density;store_density;call_density;cast_density;switch_density;bb_density;blocks_1_pred_density;blocks_1_succ_density;blocks_gt2_succ_density;phi_args_total_density;direct_call_density;self_recursive_call_density;loop_count;loop_count_density;max_loop_depth_density
early-cse,random,65,1,1.0,200,0.64,int_arith_count;fp_arith_count;icmp_count;fcmp_count;load_count;store_count;gep_count;alloca_count;phi_count;call_count;cast_count;select_count;ret_count;invoke_count;switch_count;cond_br_count;uncond_br_count;bb_count;cfg_edges;blocks_1_pred;blocks_2_pred;blocks_gt2_pred;blocks_1_succ;blocks_2_succ;blocks_gt2_succ;phi_args_total;const_operands;direct_call_count;intrinsic_call_count;self_recursive_call_count;log_inst_count;int_arith_density;fp_arith_density;icmp_density;fcmp_density;load_density;store_density;gep_density;alloca_density;phi_density;call_density;cast_density;select_density;ret_density;invoke_density;switch_density;cond_br_density;uncond_br_density;bb_density;cfg_edges_density;blocks_1_pred_density;blocks_2_pred_density;blocks_gt2_pred_density;blocks_1_succ_density;blocks_2_succ_density;blocks_gt2_succ_density;phi_args_total_density;const_operands_density;direct_call_density;intrinsic_call_density;self_recursive_call_density;loop_count;max_loop_depth;loop_count_density;max_loop_depth_density
early-cse,shap,5,2,0.9464,200,0.46,load_count;gep_count;int_arith_density;cast_density;const_operands_density
early-cse,shap,10,2,0.9464,200,0.48,icmp_count;fcmp_count;load_count;store_count;gep_count;phi_count;call_count;int_arith_density;cast_density;const_operands_density
early-cse,shap,15,2,0.9464,200,0.45,fp_arith_count;icmp_count;fcmp_count;load_count;store_count;gep_count;phi_count;call_count;cast_count;select_count;ret_count;invoke_count;int_arith_density;cast_density;const_operands_density
early-cse,shap,20,2,0.9464,200,0.57,int_arith_count;fp_arith_count;icmp_count;fcmp_count;load_count;store_count;gep_count;phi_count;call_count;cast_count;select_count;ret_count;invoke_count;cond_br_count;uncond_br_count;bb_count;cfg_edges;int_arith_density;cast_density;const_operands_density
early-cse,shap,30,2,0.9464,200,0.62,int_arith_count;fp_arith_count;icmp_count;fcmp_count;load_count;store_count;gep_count;phi_count;call_count;cast_count;select_count;ret_count;invoke_count;cond_br_count;uncond_br_count;bb_count;cfg_edges;blocks_1_pred;blocks_2_pred;blocks_gt2_pred;blocks_1_succ;blocks_2_succ;blocks_gt2_succ;phi_args_total;const_operands;direct_call_count;intrinsic_call_count;int_arith_density;cast_density;const_operands_density
early-cse,shap,65,2,0.9464,200,0.74,int_arith_count;fp_arith_count;icmp_count;fcmp_count;load_count;store_count;gep_count;alloca_count;phi_count;call_count;cast_count;select_count;ret_count;invoke_count;switch_count;cond_br_count;uncond_br_count;bb_count;cfg_edges;blocks_1_pred;blocks_2_pred;blocks_gt2_pred;blocks_1_succ;blocks_2_succ;blocks_gt2_succ;phi_args_total;const_operands;direct_call_count;intrinsic_call_count;self_recursive_call_count;log_inst_count;int_arith_density;fp_arith_density;icmp_density;fcmp_density;load_density;store_density;gep_density;alloca_density;phi_density;call_density;cast_density;select_density;ret_density;invoke_density;switch_density;cond_br_density;uncond_br_density;bb_density;cfg_edges_density;blocks_1_pred_density;blocks_2_pred_density;blocks_gt2_pred_density;blocks_1_succ_density;blocks_2_succ_density;blocks_gt2_succ_density;phi_args_total_density;const_operands_density;direct_call_density;intrinsic_call_density;self_recursive_call_density;loop_count;max_loop_depth;loop_count_density;max_loop_depth_density
early-cse,xgb_gain,5,2,0.9464,200,0.58,load_count;gep_count;int_arith_density;cast_density;const_operands_density
early-cse,xgb_gain,10,2,0.9464,200,0.48,icmp_count;fcmp_count;load_count;store_count;gep_count;phi_count;call_count;int_arith_density;cast_density;const_operands_density
early-cse,xgb_gain,15,2,0.9464,200,0.49,fp_arith_count;icmp_count;fcmp_count;load_count;store_count;gep_count;phi_count;call_count;cast_count;select_count;ret_count;invoke_count;int_arith_density;cast_density;const_operands_density
early-cse,xgb_gain,20,2,0.9464,200,0.68,int_arith_count;fp_arith_count;icmp_count;fcmp_count;load_count;store_count;gep_count;phi_count;call_count;cast_count;select_count;ret_count;invoke_count;cond_br_count;uncond_br_count;bb_count;cfg_edges;int_arith_density;cast_density;const_operands_density
early-cse,xgb_gain,30,2,0.9464,200,0.63,int_arith_count;fp_arith_count;icmp_count;fcmp_count;load_count;store_count;gep_count;phi_count;call_count;cast_count;select_count;ret_count;invoke_count;cond_br_count;uncond_br_count;bb_count;cfg_edges;blocks_1_pred;blocks_2_pred;blocks_gt2_pred;blocks_1_succ;blocks_2_succ;blocks_gt2_succ;phi_args_total;const_operands;direct_call_count;intrinsic_call_count;int_arith_density;cast_density;const_operands_density
early-cse,xgb_gain,65,2,0.9464,200,0.69,int_arith_count;fp_arith_count;icmp_count;fcmp_count;load_count;store_count;gep_count;alloca_count;phi_count;call_count;cast_count;select_count;ret_count;invoke_count;switch_count;cond_br_count;uncond_br_count;bb_count;cfg_edges;blocks_1_pred;blocks_2_pred;blocks_gt2_pred;blocks_1_succ;blocks_2_succ;blocks_gt2_succ;phi_args_total;const_operands;direct_call_count;intrinsic_call_count;self_recursive_call_count;log_inst_count;int_arith_density;fp_arith_density;icmp_density;fcmp_density;load_density;store_density;gep_density;alloca_density;phi_density;call_density;cast_density;select_density;ret_density;invoke_density;switch_density;cond_br_density;uncond_br_density;bb_density;cfg_edges_density;blocks_1_pred_density;blocks_2_pred_density;blocks_gt2_pred_density;blocks_1_succ_density;blocks_2_succ_density;blocks_gt2_succ_density;phi_args_total_density;const_operands_density;direct_call_density;intrinsic_call_density;self_recursive_call_density;loop_count;max_loop_depth;loop_count_density;max_loop_depth_density
early-cse,mutual_info,5,2,0.9464,200,0.67,call_count;blocks_1_succ;call_density;loop_count_density;max_loop_depth_density
early-cse,mutual_info,10,2,0.9464,200,0.45,call_count;bb_count;blocks_1_pred;blocks_1_succ;phi_density;call_density;uncond_br_density;blocks_1_pred_density;loop_count_density;max_loop_depth_density
early-cse,mutual_info,15,2,0.9464,200,0.74,call_count;uncond_br_count;bb_count;cfg_edges;blocks_1_pred;blocks_1_succ;phi_density;call_density;uncond_br_density;bb_density;cfg_edges_density;blocks_1_pred_density;blocks_1_succ_density;loop_count_density;max_loop_depth_density
early-cse,mutual_info,20,2,0.9464,200,0.54,phi_count;call_count;uncond_br_count;bb_count;cfg_edges;blocks_1_pred;blocks_1_succ;phi_args_total;int_arith_density;phi_density;call_density;uncond_br_density;bb_density;cfg_edges_density;blocks_1_pred_density;blocks_2_pred_density;blocks_1_succ_density;phi_args_total_density;loop_count_density;max_loop_depth_density
early-cse,mutual_info,30,2,0.9464,200,0.6,phi_count;call_count;uncond_br_count;bb_count;cfg_edges;blocks_1_pred;blocks_2_pred;blocks_1_succ;phi_args_total;const_operands;log_inst_count;int_arith_density;load_density;gep_density;phi_density;call_density;cast_density;ret_density;cond_br_density;uncond_br_density;bb_density;cfg_edges_density;blocks_1_pred_density;blocks_2_pred_density;blocks_1_succ_density;phi_args_total_density;const_operands_density;loop_count;loop_count_density;max_loop_depth_density
early-cse,mutual_info,65,2,0.9464,200,0.52,int_arith_count;fp_arith_count;icmp_count;fcmp_count;load_count;store_count;gep_count;alloca_count;phi_count;call_count;cast_count;select_count;ret_count;invoke_count;switch_count;cond_br_count;uncond_br_count;bb_count;cfg_edges;blocks_1_pred;blocks_2_pred;blocks_gt2_pred;blocks_1_succ;blocks_2_succ;blocks_gt2_succ;phi_args_total;const_operands;direct_call_count;intrinsic_call_count;self_recursive_call_count;log_inst_count;int_arith_density;fp_arith_density;icmp_density;fcmp_density;load_density;store_density;gep_density;alloca_density;phi_density;call_density;cast_density;select_density;ret_density;invoke_density;switch_density;cond_br_density;uncond_br_density;bb_density;cfg_edges_density;blocks_1_pred_density;blocks_2_pred_density;blocks_gt2_pred_density;blocks_1_succ_density;blocks_2_succ_density;blocks_gt2_succ_density;phi_args_total_density;const_operands_density;direct_call_density;intrinsic_call_density;self_recursive_call_density;loop_count;max_loop_depth;loop_count_density;max_loop_depth_density
early-cse,random,5,2,0.8214,200,0.57,int_arith_count;store_count;switch_density;blocks_1_succ_density;self_recursive_call_density
early-cse,random,10,2,0.9464,200,0.84,int_arith_count;store_count;ret_count;uncond_br_count;log_inst_count;switch_density;blocks_1_succ_density;self_recursive_call_density;loop_count;max_loop_depth_density
early-cse,random,15,2,0.9464,200,0.85,int_arith_count;store_count;call_count;ret_count;invoke_count;uncond_br_count;log_inst_count;icmp_density;fcmp_density;cast_density;switch_density;blocks_1_succ_density;self_recursive_call_density;loop_count;max_loop_depth_density
early-cse,random,20,2,0.9464,200,0.48,int_arith_count;fcmp_count;store_count;phi_count;call_count;ret_count;invoke_count;uncond_br_count;bb_count;phi_args_total;log_inst_count;icmp_density;fcmp_density;call_density;cast_density;switch_density;blocks_1_succ_density;self_recursive_call_density;loop_count;max_loop_depth_density
early-cse,random,30,2,0.9464,200,0.46,int_arith_count;fcmp_count;load_count;store_count;gep_count;phi_count;call_count;ret_count;invoke_count;uncond_br_count;bb_count;blocks_1_pred;phi_args_total;log_inst_count;icmp_density;fcmp_density;store_density;call_density;cast_density;switch_density;bb_density;blocks_1_pred_density;blocks_1_succ_density;blocks_gt2_succ_density;phi_args_total_density;direct_call_density;self_recursive_call_density;loop_count;loop_count_density;max_loop_depth_density
early-cse,random,65,2,0.9464,200,0.86,int_arith_count;fp_arith_count;icmp_count;fcmp_count;load_count;store_count;gep_count;alloca_count;phi_count;call_count;cast_count;select_count;ret_count;invoke_count;switch_count;cond_br_count;uncond_br_count;bb_count;cfg_edges;blocks_1_pred;blocks_2_pred;blocks_gt2_pred;blocks_1_succ;blocks_2_succ;blocks_gt2_succ;phi_args_total;const_operands;direct_call_count;intrinsic_call_count;self_recursive_call_count;log_inst_count;int_arith_density;fp_arith_density;icmp_density;fcmp_density;load_density;store_density;gep_density;alloca_density;phi_density;call_density;cast_density;select_density;ret_density;invoke_density;switch_density;cond_br_density;uncond_br_density;bb_density;cfg_edges_density;blocks_1_pred_density;blocks_2_pred_density;blocks_gt2_pred_density;blocks_1_succ_density;blocks_2_succ_density;blocks_gt2_succ_density;phi_args_total_density;const_operands_density;direct_call_density;intrinsic_call_density;self_recursive_call_density;loop_count;max_loop_depth;loop_count_density;max_loop_depth_density
jump-threading,shap,5,0,0.8523,200,0.49,int_arith_count;icmp_count;load_count;icmp_density;max_loop_depth_density
jump-threading,shap,10,0,0.8523,200,0.62,int_arith_count;icmp_count;fcmp_count;load_count;store_count;gep_count;phi_count;call_count;icmp_density;max_loop_depth_density
jump-threading,shap,15,0,0.8523,200,0.53,int_arith_count;icmp_count;fcmp_count;load_count;store_count;gep_count;phi_count;call_count;cast_count;select_count;ret_count;invoke_count;switch_count;icmp_density;max_loop_depth_density
jump-threading,shap,20,0,0.8523,200,0.73,int_arith_count;fp_arith_count;icmp_count;fcmp_count;load_count;store_count;gep_count;phi_count;call_count;cast_count;select_count;ret_count;invoke_count;switch_count;uncond_br_count;bb_count;cfg_edges;blocks_1_pred;icmp_density;max_loop_depth_density
jump-threading,shap,30,0,0.8523,200,0.61,int_arith_count;fp_arith_count;icmp_count;fcmp_count;load_count;store_count;gep_count;phi_count;call_count;cast_count;select_count;ret_count;invoke_count;switch_count;uncond_br_count;bb_count;cfg_edges;blocks_1_pred;blocks_2_pred;blocks_gt2_pred;blocks_1_succ;blocks_2_succ;blocks_gt2_succ;phi_args_total;const_operands;direct_call_count;intrinsic_call_count;self_recursive_call_count;icmp_density;max_loop_depth_density
jump-threading,shap,65,0,0.8523,200,0.62,int_arith_count;fp_arith_count;icmp_count;fcmp_count;load_count;store_count;gep_count;alloca_count;phi_count;call_count;cast_count;select_count;ret_count;invoke_count;switch_count;cond_br_count;uncond_br_count;bb_count;cfg_edges;blocks_1_pred;blocks_2_pred;blocks_gt2_pred;blocks_1_succ;blocks_2_succ;blocks_gt2_succ;phi_args_total;const_operands;direct_call_count;intrinsic_call_count;self_recursive_call_count;log_inst_count;int_arith_density;fp_arith_density;icmp_density;fcmp_density;load_density;store_density;gep_density;alloca_density;phi_density;call_density;cast_density;select_density;ret_density;invoke_density;switch_density;cond_br_density;uncond_br_density;bb_density;cfg_edges_density;blocks_1_pred_density;blocks_2_pred_density;blocks_gt2_pred_density;blocks_1_succ_density;blocks_2_succ_density;blocks_gt2_succ_density;phi_args_total_density;const_operands_density;direct_call_density;intrinsic_call_density;self_recursive_call_density;loop_count;max_loop_depth;loop_count_density;max_loop_depth_density
jump-threading,xgb_gain,5,0,0.8523,200,0.62,int_arith_count;icmp_count;load_count;icmp_density;max_loop_depth_density
jump-threading,xgb_gain,10,0,0.8523,200,0.56,int_arith_count;icmp_count;fcmp_count;load_count;store_count;gep_count;phi_count;call_count;icmp_density;max_loop_depth_density
jump-threading,xgb_gain,15,0,0.8523,200,0.73,int_arith_count;icmp_count;fcmp_count;load_count;store_count;gep_count;phi_count;call_count;cast_count;select_count;ret_count;invoke_count;switch_count;icmp_density;max_loop_depth_density
jump-threading,xgb_gain,20,0,0.8523,200,0.57,int_arith_count;fp_arith_count;icmp_count;fcmp_count;load_count;store_count;gep_count;phi_count;call_count;cast_count;select_count;ret_count;invoke_count;switch_count;uncond_br_count;bb_count;cfg_edges;blocks_1_pred;icmp_density;max_loop_depth_density
jump-threading,xgb_gain,30,0,0.8523,200,0.54,int_arith_count;fp_arith_count;icmp_count;fcmp_count;load_count;store_count;gep_count;phi_count;call_count;cast_count;select_count;ret_count;invoke_count;switch_count;uncond_br_count;bb_count;cfg_edges;blocks_1_pred;blocks_2_pred;blocks_gt2_pred;blocks_1_succ;blocks_2_succ;blocks_gt2_succ;phi_args_total;const_operands;direct_call_count;intrinsic_call_count;self_recursive_call_count;icmp_density;max_loop_depth_density
jump-threading,xgb_gain,65,0,0.8523,200,0.6,int_arith_count;fp_arith_count;icmp_count;fcmp_count;load_count;store_count;gep_count;alloca_count;phi_count;call_count;cast_count;select_count;ret_count;invoke_count;switch_count;cond_br_count;uncond_br_count;bb_count;cfg_edges;blocks_1_pred;blocks_2_pred;blocks_gt2_pred;blocks_1_succ;blocks_2_succ;blocks_gt2_succ;phi_args_total;const_operands;direct_call_count;intrinsic_call_count;self_recursive_call_count;log_inst_count;int_arith_density;fp_arith_density;icmp_density;fcmp_density;load_density;store_density;gep_density;alloca_density;phi_density;call_density;cast_density;select_density;ret_density;invoke_density;switch_density;cond_br_density;uncond_br_density;bb_density;cfg_edges_density;blocks_1_pred_density;blocks_2_pred_density;blocks_gt2_pred_density;blocks_1_succ_density;blocks_2_succ_density;blocks_gt2_succ_density;phi_args_total_density;const_operands_density;direct_call_density;intrinsic_call_density;self_recursive_call_density;loop_count;max_loop_depth;loop_count_density;max_loop_depth_density
jump-threading,mutual_info,5,0,0.9773,200,0.59,icmp_count;load_count;cond_br_count;blocks_1_pred;load_density
jump-threading,mutual_info,10,0,0.9773,200,0.46,icmp_count;load_count;call_count;cond_br_count;uncond_br_count;blocks_1_pred;blocks_2_pred;blocks_1_succ;blocks_2_succ;load_density
jump-threading,mutual_info,15,0,0.9773,200,0.77,icmp_count;load_count;call_count;cond_br_count;uncond_br_count;cfg_edges;blocks_1_pred;blocks_2_pred;blocks_1_succ;blocks_2_succ;phi_args_total;const_operands;load_density;loop_count;max_loop_depth_density
jump-threading,mutual_info,20,0,0.9356,200,0.84,int_arith_count;icmp_count;load_count;call_count;cond_br_count;uncond_br_count;bb_count;cfg_edges;blocks_1_pred;blocks_2_pred;blocks_1_succ;blocks_2_succ;phi_args_total;const_operands;load_density;bb_density;blocks_2_pred_density;const_operands_density;loop_count;max_loop_depth_density
jump-threading,mutual_info,30,0,0.9356,200,0.55,int_arith_count;icmp_count;load_count;phi_count;call_count;cond_br_count;uncond_br_count;bb_count;cfg_edges;blocks_1_pred;blocks_2_pred;blocks_gt2_pred;blocks_1_succ;blocks_2_succ;phi_args_total;const_operands;load_density;phi_density;call_density;bb_density;cfg_edges_density;blocks_2_pred_density;blocks_gt2_pred_density;phi_args_total_density;const_operands_density;direct_call_density;loop_count;max_loop_depth;loop_count_density;max_loop_depth_density
jump-threading,mutual_info,65,0,0.8523,200,0.49,int_arith_count;fp_arith_count;icmp_count;fcmp_count;load_count;store_count;gep_count;alloca_count;phi_count;call_count;cast_count;select_count;ret_count;invoke_count;switch_count;cond_br_count;uncond_br_count;bb_count;cfg_edges;blocks_1_pred;blocks_2_pred;blocks_gt2_pred;blocks_1_succ;blocks_2_succ;blocks_gt2_succ;phi_args_total;const_operands;direct_call_count;intrinsic_call_count;self_recursive_call_count;log_inst_count;int_arith_density;fp_arith_density;icmp_density;fcmp_density;load_density;store_density;gep_density;alloca_density;phi_density;call_density;cast_density;select_density;ret_density;invoke_density;switch_density;cond_br_density;uncond_br_density;bb_density;cfg_edges_density;blocks_1_pred_density;blocks_2_pred_density;blocks_gt2_pred_density;blocks_1_succ_density;blocks_2_succ_density;blocks_gt2_succ_density;phi_args_total_density;const_operands_density;direct_call_density;intrinsic_call_density;self_recursive_call_density;loop_count;max_loop_depth;loop_count_density;max_loop_depth_density
jump-threading,random,5,0,0.9148,200,0.49,int_arith_count;store_count;switch_density;blocks_1_succ_density;self_recursive_call_density
jump-threading,random,10,0,0.9356,200,0.52,int_arith_count;store_count;ret_count;uncond_br_count;log_inst_count;switch_density;blocks_1_succ_density;self_recursive_call_density;loop_count;max_loop_depth_density
jump-threading,random,15,0,0.9356,200,0.62,int_arith_count;store_count;call_count;ret_count;invoke_count;uncond_br_count;log_inst_count;icmp_density;fcmp_density;cast_density;switch_density;blocks_1_succ_density;self_recursive_call_density;loop_count;max_loop_depth_density
jump-threading,random,20,0,0.9356,200,0.6,int_arith_count;fcmp_count;store_count;phi_count;call_count;ret_count;invoke_count;uncond_br_count;bb_count;phi_args_total;log_inst_count;icmp_density;fcmp_density;call_density;cast_density;switch_density;blocks_1_succ_density;self_recursive_call_density;loop_count;max_loop_depth_density
jump-threading,random,30,0,0.8523,200,0.72,int_arith_count;fcmp_count;load_count;store_count;gep_count;phi_count;call_count;ret_count;invoke_count;uncond_br_count;bb_count;blocks_1_pred;phi_args_total;log_inst_count;icmp_density;fcmp_density;store_density;call_density;cast_density;switch_density;bb_density;blocks_1_pred_density;blocks_1_succ_density;blocks_gt2_succ_density;phi_args_total_density;direct_call_density;self_recursive_call_density;loop_count;loop_count_density;max_loop_depth_density
jump-threading,random,65,0,0.8523,200,0.67,int_arith_count;fp_arith_count;icmp_count;fcmp_count;load_count;store_count;gep_count;alloca_count;phi_count;call_count;cast_count;select_count;ret_count;invoke_count;switch_count;cond_br_count;uncond_br_count;bb_count;cfg_edges;blocks_1_pred;blocks_2_pred;blocks_gt2_pred;blocks_1_succ;blocks_2_succ;blocks_gt2_succ;phi_args_total;const_operands;direct_call_count;intrinsic_call_count;self_recursive_call_count;log_inst_count;int_arith_density;fp_arith_density;icmp_density;fcmp_density;load_density;store_density;gep_density;alloca_density;phi_density;call_density;cast_density;select_density;ret_density;invoke_density;switch_density;cond_br_density;uncond_br_density;bb_density;cfg_edges_density;blocks_1_pred_density;blocks_2_pred_density;blocks_gt2_pred_density;blocks_1_succ_density;blocks_2_succ_density;blocks_gt2_succ_density;phi_args_total_density;const_operands_density;direct_call_density;intrinsic_call_density;self_recursive_call_density;loop_count;max_loop_depth;loop_count_density;max_loop_depth_density
jump-threading,shap,5,1,0.9125,200,0.46,int_arith_count;fcmp_count;load_count;gep_count;const_operands
jump-threading,shap,10,1,0.9125,200,0.54,int_arith_count;fp_arith_count;icmp_count;fcmp_count;load_count;store_count;gep_count;phi_count;call_count;const_operands
jump-threading,shap,15,1,0.9125,200,0.67,int_arith_count;fp_arith_count;icmp_count;fcmp_count;load_count;store_count;gep_count;phi_count;call_count;cast_count;select_count;ret_count;invoke_count;switch_count;const_operands
jump-threading,shap,20,1,0.9125,200,0.61,int_arith_count;fp_arith_count;icmp_count;fcmp_count;load_count;store_count;gep_count;alloca_count;phi_count;call_count;cast_count;select_count;ret_count;invoke_count;switch_count;cond_br_count;uncond_br_count;bb_count;cfg_edges;const_operands
jump-threading,shap,30,1,0.9125,200,0.52,int_arith_count;fp_arith_count;icmp_count;fcmp_count;load_count;store_count;gep_count;alloca_count;phi_count;call_count;cast_count;select_count;ret_count;invoke_count;switch_count;cond_br_count;uncond_br_count;bb_count;cfg_edges;blocks_1_pred;blocks_2_pred;blocks_gt2_pred;blocks_1_succ;blocks_2_succ;blocks_gt2_succ;phi_args_total;const_operands;direct_call_count;intrinsic_call_count;self_recursive_call_count
jump-threading,shap,65,1,0.9125,200,0.61,int_arith_count;fp_arith_count;icmp_count;fcmp_count;load_count;store_count;gep_count;alloca_count;phi_count;call_count;cast_count;select_count;ret_count;invoke_count;switch_count;cond_br_count;uncond_br_count;bb_count;cfg_edges;blocks_1_pred;blocks_2_pred;blocks_gt2_pred;blocks_1_succ;blocks_2_succ;blocks_gt2_succ;phi_args_total;const_operands;direct_call_count;intrinsic_call_count;self_recursive_call_count;log_inst_count;int_arith_density;fp_arith_density;icmp_density;fcmp_density;load_density;store_density;gep_density;alloca_density;phi_density;call_density;cast_density;select_density;ret_density;invoke_density;switch_density;cond_br_density;uncond_br_density;bb_density;cfg_edges_density;blocks_1_pred_density;blocks_2_pred_density;blocks_gt2_pred_density;blocks_1_succ_density;blocks_2_succ_density;blocks_gt2_succ_density;phi_args_total_density;const_operands_density;direct_call_density;intrinsic_call_density;self_recursive_call_density;loop_count;max_loop_depth;loop_count_density;max_loop_depth_density
jump-threading,xgb_gain,5,1,0.9125,200,0.49,int_arith_count;fcmp_count;load_count;gep_count;const_operands
jump-threading,xgb_gain,10,1,0.9125,200,0.79,int_arith_count;fp_arith_count;icmp_count;fcmp_count;load_count;store_count;gep_count;phi_count;call_count;const_operands
jump-threading,xgb_gain,15,1,0.9125,200,0.75,int_arith_count;fp_arith_count;icmp_count;fcmp_count;load_count;store_count;gep_count;phi_count;call_count;cast_count;select_count;ret_count;invoke_count;switch_count;const_operands
jump-threading,xgb_gain,20,1,0.9125,200,0.53,int_arith_count;fp_arith_count;icmp_count;fcmp_count;load_count;store_count;gep_count;alloca_count;phi_count;call_count;cast_count;select_count;ret_count;invoke_count;switch_count;cond_br_count;uncond_br_count;bb_count;cfg_edges;const_operands
jump-threading,xgb_gain,30,1,0.9125,200,0.66,int_arith_count;fp_arith_count;icmp_count;fcmp_count;load_count;store_count;gep_count;alloca_count;phi_count;call_count;cast_count;select_count;ret_count;invoke_count;switch_count;cond_br_count;uncond_br_count;bb_count;cfg_edges;blocks_1_pred;blocks_2_pred;blocks_gt2_pred;blocks_1_succ;blocks_2_succ;blocks_gt2_succ;phi_args_total;const_operands;direct_call_count;intrinsic_call_count;self_recursive_call_count
jump-threading,xgb_gain,65,1,0.9125,200,0.63,int_arith_count;fp_arith_count;icmp_count;fcmp_count;load_count;store_count;gep_count;alloca_count;phi_count;call_count;cast_count;select_count;ret_count;invoke_count;switch_count;cond_br_count;uncond_br_count;bb_count;cfg_edges;blocks_1_pred;blocks_2_pred;blocks_gt2_pred;blocks_1_succ;blocks_2_succ;blocks_gt2_succ;phi_args_total;const_operands;direct_call_count;intrinsic_call_count;self_recursive_call_count;log_inst_count;int_arith_density;fp_arith_density;icmp_density;fcmp_density;load_density;store_density;gep_density;alloca_density;phi_density;call_density;cast_density;select_density;ret_density;invoke_density;switch_density;cond_br_density;uncond_br_density;bb_density;cfg_edges_density;blocks_1_pred_density;blocks_2_pred_density;blocks_gt2_pred_density;blocks_1_succ_density;blocks_2_succ_density;blocks_gt2_succ_density;phi_args_total_density;const_operands_density;direct_call_density;intrinsic_call_density;self_recursive_call_density;loop_count;max_loop_depth;loop_count_density;max_loop_depth_density
jump-threading,mutual_info,5,1,0.9125,200,0.51,load_count;gep_count;call_count;direct_call_count;load_density
jump-threading,mutual_info,10,1,0.9125,200,0.65,load_count;gep_count;call_count;direct_call_count;int_arith_density;load_density;phi_density;blocks_1_pred_density;phi_args_total_density;loop_count_density
jump-threading,mutual_info,15,1,0.9125,200,0.49,load_count;gep_count;call_count;blocks_gt2_pred;const_operands;direct_call_count;int_arith_density;load_density;gep_density;phi_density;uncond_br_density;bb_density;blocks_1_pred_density;phi_args_total_density;loop_count_density
jump-threading,mutual_info,20,1,0.9125,200,0.56,int_arith_count;load_count;gep_count;call_count;blocks_2_pred;blocks_gt2_pred;const_operands;direct_call_count;int_arith_density;load_density;gep_density;phi_density;uncond_br_density;bb_density;cfg_edges_density;blocks_1_pred_density;blocks_2_pred_density;blocks_1_succ_density;phi_args_total_density;loop_count_density
jump-threading,mutual_info,30,1,0.9125,200,0.7,int_arith_count;load_count;gep_count;phi_count;call_count;bb_count;blocks_1_pred;blocks_2_pred;blocks_gt2_pred;blocks_1_succ;const_operands;direct_call_count;int_arith_density;load_density;gep_density;phi_density;call_density;cond_br_density;uncond_br_density;bb_density;cfg_edges_density;blocks_1_pred_density;blocks_2_pred_density;blocks_gt2_pred_density;blocks_1_succ_density;phi_args_total_density;const_operands_density;loop_count;loop_count_density;max_loop_depth_density
jump-threading,mutual_info,65,1,0.9125,200,0.55,int_arith_count;fp_arith_count;icmp_count;fcmp_count;load_count;store_count;gep_count;alloca_count;phi_count;call_count;cast_count;select_count;ret_count;invoke_count;switch_count;cond_br_count;uncond_br_count;bb_count;cfg_edges;blocks_1_pred;blocks_2_pred;blocks_gt2_pred;blocks_1_succ;blocks_2_succ;blocks_gt2_succ;phi_args_total;const_operands;direct_call_count;intrinsic_call_count;self_recursive_call_count;log_inst_count;int_arith_density;fp_arith_density;icmp_density;fcmp_density;load_density;store_density;gep_density;alloca_density;phi_density;call_density;cast_density;select_density;ret_density;invoke_density;switch_density;cond_br_density;uncond_br_density;bb_density;cfg_edges_density;blocks_1_pred_density;blocks_2_pred_density;blocks_gt2_pred_density;blocks_1_succ_density;blocks_2_succ_density;blocks_gt2_succ_density;phi_args_total_density;const_operands_density;direct_call_density;intrinsic_call_density;self_recursive_call_density;loop_count;max_loop_depth;loop_count_density;max_loop_depth_density
jump-threading,random,5,1,0.8333,200,0.49,int_arith_count;store_count;switch_density;blocks_1_succ_density;self_recursive_call_density
jump-threading,random,10,1,0.8083,200,0.57,int_arith_count;store_count;ret_count;uncond_br_count;log_inst_count;switch_density;blocks_1_succ_density;self_recursive_call_density;loop_count;max_loop_depth_density
jump-threading,random,15,1,0.7833,200,0.57,int_arith_count;store_count;call_count;ret_count;invoke_count;uncond_br_count;log_inst_count;icmp_density;fcmp_density;cast_density;switch_density;blocks_1_succ_density;self_recursive_call_density;loop_count;max_loop_depth_density
jump-threading,random,20,1,0.7833,200,0.49,int_arith_count;fcmp_count;store_count;phi_count;call_count;ret_count;invoke_count;uncond_br_count;bb_count;phi_args_total;log_inst_count;icmp_density;fcmp_density;call_density;cast_density;switch_density;blocks_1_succ_density;self_recursive_call_density;loop_count;max_loop_depth_density
jump-threading,random,30,1,0.825,200,0.61,int_arith_count;fcmp_count;load_count;store_count;gep_count;phi_count;call_count;ret_count;invoke_count;uncond_br_count;bb_count;blocks_1_pred;phi_args_total;log_inst_count;icmp_density;fcmp_density;store_density;call_density;cast_density;switch_density;bb_density;blocks_1_pred_density;blocks_1_succ_density;blocks_gt2_succ_density;phi_args_total_density;direct_call_density;self_recursive_call_density;loop_count;loop_count_density;max_loop_depth_density
jump-threading,random,65,1,0.9125,200,0.66,int_arith_count;fp_arith_count;icmp_count;fcmp_count;load_count;store_count;gep_count;alloca_count;phi_count;call_count;cast_count;select_count;ret_count;invoke_count;switch_count;cond_br_count;uncond_br_count;bb_count;cfg_edges;blocks_1_pred;blocks_2_pred;blocks_gt2_pred;blocks_1_succ;blocks_2_succ;blocks_gt2_succ;phi_args_total;const_operands;direct_call_count;intrinsic_call_count;self_recursive_call_count;log_inst_count;int_arith_density;fp_arith_density;icmp_density;fcmp_density;load_density;store_density;gep_density;alloca_density;phi_density;call_density;cast_density;select_density;ret_density;invoke_density;switch_density;cond_br_density;uncond_br_density;bb_density;cfg_edges_density;blocks_1_pred_density;blocks_2_pred_density;blocks_gt2_pred_density;blocks_1_succ_density;blocks_2_succ_density;blocks_gt2_succ_density;phi_args_total_density;const_operands_density;direct_call_density;intrinsic_call_density;self_recursive_call_density;loop_count;max_loop_depth;loop_count_density;max_loop_depth_density
jump-threading,shap,5,2,0.75,200,0.55,int_arith_count;store_count;icmp_density;cast_density;max_loop_depth_density
jump-threading,shap,10,2,0.75,200,0.52,int_arith_count;icmp_count;fcmp_count;load_count;store_count;phi_count;call_count;icmp_density;cast_density;max_loop_depth_density
jump-threading,shap,15,2,0.75,200,0.53,int_arith_count;icmp_count;fcmp_count;load_count;store_count;gep_count;phi_count;call_count;cast_count;select_count;ret_count;invoke_count;icmp_density;cast_density;max_loop_depth_density
jump-threading,shap,20,2,0.75,200,0.56,int_arith_count;fp_arith_count;icmp_count;fcmp_count;load_count;store_count;gep_count;phi_count;call_count;cast_count;select_count;ret_count;invoke_count;uncond_br_count;bb_count;cfg_edges;blocks_1_pred;icmp_density;cast_density;max_loop_depth_density
jump-threading,shap,30,2,0.75,200,0.65,int_arith_count;fp_arith_count;icmp_count;fcmp_count;load_count;store_count;gep_count;phi_count;call_count;cast_count;select_count;ret_count;invoke_count;uncond_br_count;bb_count;cfg_edges;blocks_1_pred;blocks_2_pred;blocks_gt2_pred;blocks_1_succ;blocks_2_succ;blocks_gt2_succ;phi_args_total;const_operands;direct_call_count;intrinsic_call_count;self_recursive_call_count;icmp_density;cast_density;max_loop_depth_density
jump-threading,shap,65,2,0.75,200,0.58,int_arith_count;fp_arith_count;icmp_count;fcmp_count;load_count;store_count;gep_count;alloca_count;phi_count;call_count;cast_count;select_count;ret_count;invoke_count;switch_count;cond_br_count;uncond_br_count;bb_count;cfg_edges;blocks_1_pred;blocks_2_pred;blocks_gt2_pred;blocks_1_succ;blocks_2_succ;blocks_gt2_succ;phi_args_total;const_operands;direct_call_count;intrinsic_call_count;self_recursive_call_count;log_inst_count;int_arith_density;fp_arith_density;icmp_density;fcmp_density;load_density;store_density;gep_density;alloca_density;phi_density;call_density;cast_density;select_density;ret_density;invoke_density;switch_density;cond_br_density;uncond_br_density;bb_density;cfg_edges_density;blocks_1_pred_density;blocks_2_pred_density;blocks_gt2_pred_density;blocks_1_succ_density;blocks_2_succ_density;blocks_gt2_succ_density;phi_args_total_density;const_operands_density;direct_call_density;intrinsic_call_density;self_recursive_call_density;loop_count;max_loop_depth;loop_count_density;max_loop_depth_density
jump-threading,xgb_gain,5,2,0.75,200,0.58,int_arith_count;store_count;icmp_density;cast_density;max_loop_depth_density
jump-threading,xgb_gain,10,2,0.75,200,0.84,int_arith_count;icmp_count;fcmp_count;load_count;store_count;phi_count;call_count;icmp_density;cast_density;max_loop_depth_density
jump-threading,xgb_gain,15,2,0.75,200,0.57,int_arith_count;icmp_count;fcmp_count;load_count;store_count;gep_count;phi_count;call_count;cast_count;select_count;ret_count;invoke_count;icmp_density;cast_density;max_loop_depth_density
jump-threading,xgb_gain,20,2,0.75,200,0.66,int_arith_count;fp_arith_count;icmp_count;fcmp_count;load_count;store_count;gep_count;phi_count;call_count;cast_count;select_count;ret_count;invoke_count;uncond_br_count;bb_count;cfg_edges;blocks_1_pred;icmp_density;cast_density;max_loop_depth_density
jump-threading,xgb_gain,30,2,0.75,200,0.51,int_arith_count;fp_arith_count;icmp_count;fcmp_count;load_count;store_count;gep_count;phi_count;call_count;cast_count;select_count;ret_count;invoke_count;uncond_br_count;bb_count;cfg_edges;blocks_1_pred;blocks_2_pred;blocks_gt2_pred;blocks_1_succ;blocks_2_succ;blocks_gt2_succ;phi_args_total;const_operands;direct_call_count;intrinsic_call_count;self_recursive_call_count;icmp_density;cast_density;max_loop_depth_density
jump-threading,xgb_gain,65,2,0.75,200,0.67,int_arith_count;fp_arith_count;icmp_count;fcmp_count;load_count;store_count;gep_count;alloca_count;phi_count;call_count;cast_count;select_count;ret_count;invoke_count;switch_count;cond_br_count;uncond_br_count;bb_count;cfg_edges;blocks_1_pred;blocks_2_pred;blocks_gt2_pred;blocks_1_succ;blocks_2_succ;blocks_gt2_succ;phi_args_total;const_operands;direct_call_count;intrinsic_call_count;self_recursive_call_count;log_inst_count;int_arith_density;fp_arith_density;icmp_density;fcmp_density;load_density;store_density;gep_density;alloca_density;phi_density;call_density;cast_density;select_density;ret_density;invoke_density;switch_density;cond_br_density;uncond_br_density;bb_density;cfg_edges_density;blocks_1_pred_density;blocks_2_pred_density;blocks_gt2_pred_density;blocks_1_succ_density;blocks_2_succ_density;blocks_gt2_succ_density;phi_args_total_density;const_operands_density;direct_call_density;intrinsic_call_density;self_recursive_call_density;loop_count;max_loop_depth;loop_count_density;max_loop_depth_density
jump-threading,mutual_info,5,2,0.75,200,0.55,call_count;cast_count;direct_call_count;load_density;cast_density
jump-threading,mutual_info,10,2,0.75,200,0.61,load_count;call_count;cast_count;blocks_2_pred;blocks_gt2_pred;direct_call_count;load_density;cast_density;direct_call_density;loop_count
jump-threading,mutual_info,15,2,0.75,200,0.46,load_count;call_count;cast_count;blocks_2_pred;blocks_gt2_pred;direct_call_count;int_arith_density;load_density;phi_density;cast_density;blocks_1_pred_density;phi_args_total_density;direct_call_density;loop_count;loop_count_density
jump-threading,mutual_info,20,2,0.75,200,0.49,load_count;call_count;cast_count;blocks_2_pred;blocks_gt2_pred;direct_call_count;int_arith_density;load_density;phi_density;call_density;cast_density;blocks_1_pred_density;blocks_2_pred_density;blocks_gt2_pred_density;phi_args_total_density;const_operands_density;direct_call_density;loop_count;loop_count_density;max_loop_depth_density
jump-threading,mutual_info,30,2,0.75,200,0.46,load_count;call_count;cast_count;uncond_br_count;blocks_2_pred;blocks_gt2_pred;blocks_1_succ;phi_args_total;const_operands;direct_call_count;int_arith_density;load_density;gep_density;phi_density;call_density;cast_density;uncond_br_density;bb_density;cfg_edges_density;blocks_1_pred_density;blocks_2_pred_density;blocks_gt2_pred_density;blocks_1_succ_density;phi_args_total_density;const_operands_density;direct_call_density;loop_count;max_loop_depth;loop_count_density;max_loop_depth_density
jump-threading,mutual_info,65,2,0.75,200,0.59,int_arith_count;fp_arith_count;icmp_count;fcmp_count;load_count;store_count;gep_count;alloca_count;phi_count;call_count;cast_count;select_count;ret_count;invoke_count;switch_count;cond_br_count;uncond_br_count;bb_count;cfg_edges;blocks_1_pred;blocks_2_pred;blocks_gt2_pred;blocks_1_succ;blocks_2_succ;blocks_gt2_succ;phi_args_total;const_operands;direct_call_count;intrinsic_call_count;self_recursive_call_count;log_inst_count;int_arith_density;fp_arith_density;icmp_density;fcmp_density;load_density;store_density;gep_density;alloca_density;phi_density;call_density;cast_density;select_density;ret_density;invoke_density;switch_density;cond_br_density;uncond_br_density;bb_density;cfg_edges_density;blocks_1_pred_density;blocks_2_pred_density;blocks_gt2_pred_density;blocks_1_succ_density;blocks_2_succ_density;blocks_gt2_succ_density;phi_args_total_density;const_operands_density;direct_call_density;intrinsic_call_density;self_recursive_call_density;loop_count;max_loop_depth;loop_count_density;max_loop_depth_density
jump-threading,random,5,2,0.75,200,0.5,int_arith_count;store_count;switch_density;blocks_1_succ_density;self_recursive_call_density
jump-threading,random,10,2,0.75,200,0.46,int_arith_count;store_count;ret_count;uncond_br_count;log_inst_count;switch_density;blocks_1_succ_density;self_recursive_call_density;loop_count;max_loop_depth_density
jump-threading,random,15,2,0.75,200,0.79,int_arith_count;store_count;call_count;ret_count;invoke_count;uncond_br_count;log_inst_count;icmp_density;fcmp_density;cast_density;switch_density;blocks_1_succ_density;self_recursive_call_density;loop_count;max_loop_depth_density
jump-threading,random,20,2,0.75,200,0.61,int_arith_count;fcmp_count;store_count;phi_count;call_count;ret_count;invoke_count;uncond_br_count;bb_count;phi_args_total;log_inst_count;icmp_density;fcmp_density;call_density;cast_density;switch_density;blocks_1_succ_density;self_recursive_call_density;loop_count;max_loop_depth_density
jump-threading,random,30,2,0.75,200,0.52,int_arith_count;fcmp_count;load_count;store_count;gep_count;phi_count;call_count;ret_count;invoke_count;uncond_br_count;bb_count;blocks_1_pred;phi_args_total;log_inst_count;icmp_density;fcmp_density;store_density;call_density;cast_density;switch_density;bb_density;blocks_1_pred_density;blocks_1_succ_density;blocks_gt2_succ_density;phi_args_total_density;direct_call_density;self_recursive_call_density;loop_count;loop_count_density;max_loop_depth_density
jump-threading,random,65,2,0.75,200,0.55,int_arith_count;fp_arith_count;icmp_count;fcmp_count;load_count;store_count;gep_count;alloca_count;phi_count;call_count;cast_count;select_count;ret_count;invoke_count;switch_count;cond_br_count;uncond_br_count;bb_count;cfg_edges;blocks_1_pred;blocks_2_pred;blocks_gt2_pred;blocks_1_succ;blocks_2_succ;blocks_gt2_succ;phi_args_total;const_operands;direct_call_count;intrinsic_call_count;self_recursive_call_count;log_inst_count;int_arith_density;fp_arith_density;icmp_density;fcmp_density;load_density;store_density;gep_density;alloca_density;phi_density;call_density;cast_density;select_density;ret_density;invoke_density;switch_density;cond_br_density;uncond_br_density;bb_density;cfg_edges_density;blocks_1_pred_density;blocks_2_pred_density;blocks_gt2_pred_density;blocks_1_succ_density;blocks_2_succ_density;blocks_gt2_succ_density;phi_args_total_density;const_operands_density;direct_call_density;intrinsic_call_density;self_recursive_call_density;loop_count;max_loop_depth;loop_count_density;max_loop_depth_density
indvars,shap,5,0,1.0,200,0.46,icmp_count;fcmp_count;load_count;gep_count;cast_density
indvars,shap,10,0,1.0,200,0.54,int_arith_count;fp_arith_count;icmp_count;fcmp_count;load_count;store_count;gep_count;phi_count;call_count;cast_density
indvars,shap,15,0,1.0,200,0.49,int_arith_count;fp_arith_count;icmp_count;fcmp_count;load_count;store_count;gep_count;phi_count;call_count;cast_count;select_count;ret_count;invoke_count;switch_count;cast_density
indvars,shap,20,0,1.0,200,0.44,int_arith_count;fp_arith_count;icmp_count;fcmp_count;load_count;store_count;gep_count;alloca_count;phi_count;call_count;cast_count;select_count;ret_count;invoke_count;switch_count;uncond_br_count;bb_count;cfg_edges;blocks_1_pred;cast_density
indvars,shap,30,0,1.0,200,0.46,int_arith_count;fp_arith_count;icmp_count;fcmp_count;load_count;store_count;gep_count;alloca_count;phi_count;call_count;cast_count;select_count;ret_count;invoke_count;switch_count;uncond_br_count;bb_count;cfg_edges;blocks_1_pred;blocks_2_pred;blocks_gt2_pred;blocks_1_succ;blocks_2_succ;blocks_gt2_succ;phi_args_total;const_operands;direct_call_count;intrinsic_call_count;self_recursive_call_count;cast_density
indvars,shap,65,0,1.0,200,0.68,int_arith_count;fp_arith_count;icmp_count;fcmp_count;load_count;store_count;gep_count;alloca_count;phi_count;call_count;cast_count;select_count;ret_count;invoke_count;switch_count;cond_br_count;uncond_br_count;bb_count;cfg_edges;blocks_1_pred;blocks_2_pred;blocks_gt2_pred;blocks_1_succ;blocks_2_succ;blocks_gt2_succ;phi_args_total;const_operands;direct_call_count;intrinsic_call_count;self_recursive_call_count;log_inst_count;int_arith_density;fp_arith_density;icmp_density;fcmp_density;load_density;store_density;gep_density;alloca_density;phi_density;call_density;cast_density;select_density;ret_density;invoke_density;switch_density;cond_br_density;uncond_br_density;bb_density;cfg_edges_density;blocks_1_pred_density;blocks_2_pred_density;blocks_gt2_pred_density;blocks_1_succ_density;blocks_2_succ_density;blocks_gt2_succ_density;phi_args_total_density;const_operands_density;direct_call_density;intrinsic_call_density;self_recursive_call_density;loop_count;max_loop_depth;loop_count_density;max_loop_depth_density
indvars,xgb_gain,5,0,1.0,200,0.6,icmp_count;fcmp_count;load_count;gep_count;cast_density
indvars,xgb_gain,10,0,1.0,200,0.45,int_arith_count;fp_arith_count;icmp_count;fcmp_count;load_count;store_count;gep_count;phi_count;call_count;cast_density
indvars,xgb_gain,15,0,1.0,200,0.54,int_arith_count;fp_arith_count;icmp_count;fcmp_count;load_count;store_count;gep_count;phi_count;call_count;cast_count;select_count;ret_count;invoke_count;switch_count;cast_density
indvars,xgb_gain,20,0,1.0,200,0.54,int_arith_count;fp_arith_count;icmp_count;fcmp_count;load_count;store_count;gep_count;alloca_count;phi_count;call_count;cast_count;select_count;ret_count;invoke_count;switch_count;uncond_br_count;bb_count;cfg_edges;blocks_1_pred;cast_density
indvars,xgb_gain,30,0,1.0,200,0.46,int_arith_count;fp_arith_count;icmp_count;fcmp_count;load_count;store_count;gep_count;alloca_count;phi_count;call_count;cast_count;select_count;ret_count;invoke_count;switch_count;uncond_br_count;bb_count;cfg_edges;blocks_1_pred;blocks_2_pred;blocks_gt2_pred;blocks_1_succ;blocks_2_succ;blocks_gt2_succ;phi_args_total;const_operands;direct_call_count;intrinsic_call_count;self_recursive_call_count;cast_density
indvars,xgb_gain,65,0,1.0,200,0.61,int_arith_count;fp_arith_count;icmp_count;fcmp_count;load_count;store_count;gep_count;alloca_count;phi_count;call_count;cast_count;select_count;ret_count;invoke_count;switch_count;cond_br_count;uncond_br_count;bb_count;cfg_edges;blocks_1_pred;blocks_2_pred;blocks_gt2_pred;blocks_1_succ;blocks_2_succ;blocks_gt2_succ;phi_args_total;const_operands;direct_call_count;intrinsic_call_count;self_recursive_call_count;log_inst_count;int_arith_density;fp_arith_density;icmp_density;fcmp_density;load_density;store_density;gep_density;alloca_density;phi_density;call_density;cast_density;select_density;ret_density;invoke_density;switch_density;cond_br_density;uncond_br_density;bb_density;cfg_edges_density;blocks_1_pred_density;blocks_2_pred_density;blocks_gt2_pred_density;blocks_1_succ_density;blocks_2_succ_density;blocks_gt2_succ_density;phi_args_total_density;const_operands_density;direct_call_density;intrinsic_call_density;self_recursive_call_density;loop_count;max_loop_depth;loop_count_density;max_loop_depth_density
indvars,mutual_info,5,0,1.0,200,0.52,icmp_count;gep_count;call_count;cond_br_count;blocks_2_pred
indvars,mutual_info,10,0,1.0,200,0.53,icmp_count;gep_count;call_count;cond_br_count;uncond_br_count;blocks_2_pred;call_density;cond_br_density;bb_density;blocks_2_succ_density
indvars,mutual_info,15,0,0.5,200,0.51,icmp_count;load_count;gep_count;call_count;cond_br_count;uncond_br_count;blocks_2_pred;const_operands;log_inst_count;call_density;cond_br_density;bb_density;cfg_edges_density;blocks_1_pred_density;blocks_2_succ_density
indvars,mutual_info,20,0,0.5,200,0.57,icmp_count;load_count;gep_count;call_count;cond_br_count;uncond_br_count;blocks_1_pred;blocks_2_pred;const_operands;log_inst_count;fp_arith_density;gep_density;call_density;cond_br_density;bb_density;cfg_edges_density;blocks_1_pred_density;blocks_2_succ_density;intrinsic_call_density;max_loop_depth
indvars,mutual_info,30,0,1.0,200,0.55,int_arith_count;icmp_count;load_count;gep_count;call_count;cond_br_count;uncond_br_count;bb_count;blocks_1_pred;blocks_2_pred;const_operands;log_inst_count;fp_arith_density;icmp_density;gep_density;call_density;cast_density;ret_density;cond_br_density;bb_density;cfg_edges_density;blocks_1_pred_density;blocks_1_succ_density;blocks_2_succ_density;phi_args_total_density;const_operands_density;intrinsic_call_density;max_loop_depth;loop_count_density;max_loop_depth_density
indvars,mutual_info,65,0,1.0,200,0.59,int_arith_count;fp_arith_count;icmp_count;fcmp_count;load_count;store_count;gep_count;alloca_count;phi_count;call_count;cast_count;select_count;ret_count;invoke_count;switch_count;cond_br_count;uncond_br_count;bb_count;cfg_edges;blocks_1_pred;blocks_2_pred;blocks_gt2_pred;blocks_1_succ;blocks_2_succ;blocks_gt2_succ;phi_args_total;const_operands;direct_call_count;intrinsic_call_count;self_recursive_call_count;log_inst_count;int_arith_density;fp_arith_density;icmp_density;fcmp_density;load_density;store_density;gep_density;alloca_density;phi_density;call_density;cast_density;select_density;ret_density;invoke_density;switch_density;cond_br_density;uncond_br_density;bb_density;cfg_edges_density;blocks_1_pred_density;blocks_2_pred_density;blocks_gt2_pred_density;blocks_1_succ_density;blocks_2_succ_density;blocks_gt2_succ_density;phi_args_total_density;const_operands_density;direct_call_density;intrinsic_call_density;self_recursive_call_density;loop_count;max_loop_depth;loop_count_density;max_loop_depth_density
indvars,random,5,0,1.0,200,0.56,int_arith_count;store_count;switch_density;blocks_1_succ_density;self_recursive_call_density
indvars,random,10,0,1.0,200,0.47,int_arith_count;store_count;ret_count;uncond_br_count;log_inst_count;switch_density;blocks_1_succ_density;self_recursive_call_density;loop_count;max_loop_depth_density
indvars,random,15,0,1.0,200,0.51,int_arith_count;store_count;call_count;ret_count;invoke_count;uncond_br_count;log_inst_count;icmp_density;fcmp_density;cast_density;switch_density;blocks_1_succ_density;self_recursive_call_density;loop_count;max_loop_depth_density
indvars,random,20,0,1.0,200,0.45,int_arith_count;fcmp_count;store_count;phi_count;call_count;ret_count;invoke_count;uncond_br_count;bb_count;phi_args_total;log_inst_count;icmp_density;fcmp_density;call_density;cast_density;switch_density;blocks_1_succ_density;self_recursive_call_density;loop_count;max_loop_depth_density
indvars,random,30,0,1.0,200,0.48,int_arith_count;fcmp_count;load_count;store_count;gep_count;phi_count;call_count;ret_count;invoke_count;uncond_br_count;bb_count;blocks_1_pred;phi_args_total;log_inst_count;icmp_density;fcmp_density;store_density;call_density;cast_density;switch_density;bb_density;blocks_1_pred_density;blocks_1_succ_density;blocks_gt2_succ_density;phi_args_total_density;direct_call_density;self_recursive_call_density;loop_count;loop_count_density;max_loop_depth_density
indvars,random,65,0,1.0,200,0.57,int_arith_count;fp_arith_count;icmp_count;fcmp_count;load_count;store_count;gep_count;alloca_count;phi_count;call_count;cast_count;select_count;ret_count;invoke_count;switch_count;cond_br_count;uncond_br_count;bb_count;cfg_edges;blocks_1_pred;blocks_2_pred;blocks_gt2_pred;blocks_1_succ;blocks_2_succ;blocks_gt2_succ;phi_args_total;const_operands;direct_call_count;intrinsic_call_count;self_recursive_call_count;log_inst_count;int_arith_density;fp_arith_density;icmp_density;fcmp_density;load_density;store_density;gep_density;alloca_density;phi_density;call_density;cast_density;select_density;ret_density;invoke_density;switch_density;cond_br_density;uncond_br_density;bb_density;cfg_edges_density;blocks_1_pred_density;blocks_2_pred_density;blocks_gt2_pred_density;blocks_1_succ_density;blocks_2_succ_density;blocks_gt2_succ_density;phi_args_total_density;const_operands_density;direct_call_density;intrinsic_call_density;self_recursive_call_density;loop_count;max_loop_depth;loop_count_density;max_loop_depth_density
indvars,shap,5,1,1.0,200,0.52,int_arith_count;fcmp_count;load_count;store_count;gep_count
indvars,shap,10,1,1.0,200,0.45,int_arith_count;fp_arith_count;icmp_count;fcmp_count;load_count;store_count;gep_count;alloca_count;phi_count;call_count
indvars,shap,15,1,1.0,200,0.55,int_arith_count;fp_arith_count;icmp_count;fcmp_count;load_count;store_count;gep_count;alloca_count;phi_count;call_count;cast_count;select_count;ret_count;invoke_count;switch_count
indvars,shap,20,1,1.0,200,0.54,int_arith_count;fp_arith_count;icmp_count;fcmp_count;load_count;store_count;gep_count;alloca_count;phi_count;call_count;cast_count;select_count;ret_count;invoke_count;switch_count;cond_br_count;uncond_br_count;bb_count;cfg_edges;blocks_1_pred
indvars,shap,30,1,1.0,200,0.45,int_arith_count;fp_arith_count;icmp_count;fcmp_count;load_count;store_count;gep_count;alloca_count;phi_count;call_count;cast_count;select_count;ret_count;invoke_count;switch_count;cond_br_count;uncond_br_count;bb_count;cfg_edges;blocks_1_pred;blocks_2_pred;blocks_gt2_pred;blocks_1_succ;blocks_2_succ;blocks_gt2_succ;phi_args_total;const_operands;direct_call_count;intrinsic_call_count;self_recursive_call_count
indvars,shap,65,1,1.0,200,0.48,int_arith_count;fp_arith_count;icmp_count;fcmp_count;load_count;store_count;gep_count;alloca_count;phi_count;call_count;cast_count;select_count;ret_count;invoke_count;switch_count;cond_br_count;uncond_br_count;bb_count;cfg_edges;blocks_1_pred;blocks_2_pred;blocks_gt2_pred;blocks_1_succ;blocks_2_succ;blocks_gt2_succ;phi_args_total;const_operands;direct_call_count;intrinsic_call_count;self_recursive_call_count;log_inst_count;int_arith_density;fp_arith_density;icmp_density;fcmp_density;load_density;store_density;gep_density;alloca_density;phi_density;call_density;cast_density;select_density;ret_density;invoke_density;switch_density;cond_br_density;uncond_br_density;bb_density;cfg_edges_density;blocks_1_pred_density;blocks_2_pred_density;blocks_gt2_pred_density;blocks_1_succ_density;blocks_2_succ_density;blocks_gt2_succ_density;phi_args_total_density;const_operands_density;direct_call_density;intrinsic_call_density;self_recursive_call_density;loop_count;max_loop_depth;loop_count_density;max_loop_depth_density
indvars,xgb_gain,5,1,1.0,200,0.48,int_arith_count;fcmp_count;load_count;store_count;gep_count
indvars,xgb_gain,10,1,1.0,200,0.71,int_arith_count;fp_arith_count;icmp_count;fcmp_count;load_count;store_count;gep_count;alloca_count;phi_count;call_count
indvars,xgb_gain,15,1,1.0,200,0.44,int_arith_count;fp_arith_count;icmp_count;fcmp_count;load_count;store_count;gep_count;alloca_count;phi_count;call_count;cast_count;select_count;ret_count;invoke_count;switch_count
indvars,xgb_gain,20,1,1.0,200,0.43,int_arith_count;fp_arith_count;icmp_count;fcmp_count;load_count;store_count;gep_count;alloca_count;phi_count;call_count;cast_count;select_count;ret_count;invoke_count;switch_count;cond_br_count;uncond_br_count;bb_count;cfg_edges;blocks_1_pred
indvars,xgb_gain,30,1,1.0,200,0.43,int_arith_count;fp_arith_count;icmp_count;fcmp_count;load_count;store_count;gep_count;alloca_count;phi_count;call_count;cast_count;select_count;ret_count;invoke_count;switch_count;cond_br_count;uncond_br_count;bb_count;cfg_edges;blocks_1_pred;blocks_2_pred;blocks_gt2_pred;blocks_1_succ;blocks_2_succ;blocks_gt2_succ;phi_args_total;const_operands;direct_call_count;intrinsic_call_count;self_recursive_call_count
indvars,xgb_gain,65,1,1.0,200,0.58,int_arith_count;fp_arith_count;icmp_count;fcmp_count;load_count;store_count;gep_count;alloca_count;phi_count;call_count;cast_count;select_count;ret_count;invoke_count;switch_count;cond_br_count;uncond_br_count;bb_count;cfg_edges;blocks_1_pred;blocks_2_pred;blocks_gt2_pred;blocks_1_succ;blocks_2_succ;blocks_gt2_succ;phi_args_total;const_operands;direct_call_count;intrinsic_call_count;self_recursive_call_count;log_inst_count;int_arith_density;fp_arith_density;icmp_density;fcmp_density;load_density;store_density;gep_density;alloca_density;phi_density;call_density;cast_density;select_density;ret_density;invoke_density;switch_density;cond_br_density;uncond_br_density;bb_density;cfg_edges_density;blocks_1_pred_density;blocks_2_pred_density;blocks_gt2_pred_density;blocks_1_succ_density;blocks_2_succ_density;blocks_gt2_succ_density;phi_args_total_density;const_operands_density;direct_call_density;intrinsic_call_density;self_recursive_call_density;loop_count;max_loop_depth;loop_count_density;max_loop_depth_density
indvars,mutual_info,5,1,1.0,200,0.62,load_count;blocks_2_pred;int_arith_density;call_density;phi_args_total_density
indvars,mutual_info,10,1,1.0,200,0.68,load_count;blocks_2_pred;int_arith_density;load_density;call_density;cast_density;uncond_br_density;blocks_1_succ_density;phi_args_total_density;const_operands_density
indvars,mutual_info,15,1,1.0,200,0.52,load_count;cond_br_count;cfg_edges;blocks_2_pred;int_arith_density;load_density;store_density;call_density;cast_density;uncond_br_density;blocks_2_pred_density;blocks_1_succ_density;phi_args_total_density;const_operands_density;intrinsic_call_density
indvars,mutual_info,20,1,0.5,200,0.5,load_count;cond_br_count;cfg_edges;blocks_2_pred;int_arith_density;load_density;store_density;gep_density;phi_density;call_density;cast_density;cond_br_density;uncond_br_density;bb_density;blocks_2_pred_density;blocks_1_succ_density;phi_args_total_density;const_operands_density;intrinsic_call_density;loop_count_density
indvars,mutual_info,30,1,1.0,200,0.54,load_count;store_count;gep_count;phi_count;cond_br_count;uncond_br_count;cfg_edges;blocks_2_pred;phi_args_total;const_operands;log_inst_count;int_arith_density;icmp_density;load_density;store_density;gep_density;phi_density;call_density;cast_density;cond_br_density;uncond_br_density;bb_density;blocks_2_pred_density;blocks_1_succ_density;phi_args_total_density;const_operands_density;intrinsic_call_density;loop_count;loop_count_density;max_loop_depth_density
indvars,mutual_info,65,1,1.0,200,0.59,int_arith_count;fp_arith_count;icmp_count;fcmp_count;load_count;store_count;gep_count;alloca_count;phi_count;call_count;cast_count;select_count;ret_count;invoke_count;switch_count;cond_br_count;uncond_br_count;bb_count;cfg_edges;blocks_1_pred;blocks_2_pred;blocks_gt2_pred;blocks_1_succ;blocks_2_succ;blocks_gt2_succ;phi_args_total;const_operands;direct_call_count;intrinsic_call_count;self_recursive_call_count;log_inst_count;int_arith_density;fp_arith_density;icmp_density;fcmp_density;load_density;store_density;gep_density;alloca_density;phi_density;call_density;cast_density;select_density;ret_density;invoke_density;switch_density;cond_br_density;uncond_br_density;bb_density;cfg_edges_density;blocks_1_pred_density;blocks_2_pred_density;blocks_gt2_pred_density;blocks_1_succ_density;blocks_2_succ_density;blocks_gt2_succ_density;phi_args_total_density;const_operands_density;direct_call_density;intrinsic_call_density;self_recursive_call_density;loop_count;max_loop_depth;loop_count_density;max_loop_depth_density
indvars,random,5,1,0.5,200,0.54,int_arith_count;store_count;switch_density;blocks_1_succ_density;self_recursive_call_density
indvars,random,10,1,0.5,200,0.74,int_arith_count;store_count;ret_count;uncond_br_count;log_inst_count;switch_density;blocks_1_succ_density;self_recursive_call_density;loop_count;max_loop_depth_density
indvars,random,15,1,0.3333,200,0.53,int_arith_count;store_count;call_count;ret_count;invoke_count;uncond_br_count;log_inst_count;icmp_density;fcmp_density;cast_density;switch_density;blocks_1_succ_density;self_recursive_call_density;loop_count;max_loop_depth_density
indvars,random,20,1,0.3333,200,0.53,int_arith_count;fcmp_count;store_count;phi_count;call_count;ret_count;invoke_count;uncond_br_count;bb_count;phi_args_total;log_inst_count;icmp_density;fcmp_density;call_density;cast_density;switch_density;blocks_1_succ_density;self_recursive_call_density;loop_count;max_loop_depth_density
indvars,random,30,1,1.0,200,0.46,int_arith_count;fcmp_count;load_count;store_count;gep_count;phi_count;call_count;ret_count;invoke_count;uncond_br_count;bb_count;blocks_1_pred;phi_args_total;log_inst_count;icmp_density;fcmp_density;store_density;call_density;cast_density;switch_density;bb_density;blocks_1_pred_density;blocks_1_succ_density;blocks_gt2_succ_density;phi_args_total_density;direct_call_density;self_recursive_call_density;loop_count;loop_count_density;max_loop_depth_density
indvars,random,65,1,1.0,200,0.66,int_arith_count;fp_arith_count;icmp_count;fcmp_count;load_count;store_count;gep_count;alloca_count;phi_count;call_count;cast_count;select_count;ret_count;invoke_count;switch_count;cond_br_count;uncond_br_count;bb_count;cfg_edges;blocks_1_pred;blocks_2_pred;blocks_gt2_pred;blocks_1_succ;blocks_2_succ;blocks_gt2_succ;phi_args_total;const_operands;direct_call_count;intrinsic_call_count;self_recursive_call_count;log_inst_count;int_arith_density;fp_arith_density;icmp_density;fcmp_density;load_density;store_density;gep_density;alloca_density;phi_density;call_density;cast_density;select_density;ret_density;invoke_density;switch_density;cond_br_density;uncond_br_density;bb_density;cfg_edges_density;blocks_1_pred_density;blocks_2_pred_density;blocks_gt2_pred_density;blocks_1_succ_density;blocks_2_succ_density;blocks_gt2_succ_density;phi_args_total_density;const_operands_density;direct_call_density;intrinsic_call_density;self_recursive_call_density;loop_count;max_loop_depth;loop_count_density;max_loop_depth_density
